ID,Age,Education,Marital_Status,Income,Total_Spending,Total_Purchases,Recency,Total_Campaign_Accepted,NumWebPurchases,NumCatalogPurchases,NumStorePurchases,Customer_Segment
5524,57,Graduation,Single,58138.0,1617,22,58,0,8,10,4,High-Value & Highly Engaged Customers
2174,60,Graduation,Single,46344.0,27,4,38,0,1,1,2,Regular / Moderate-Value Customers
4141,49,Graduation,Together,71613.0,776,20,26,0,8,2,10,High-Value & Highly Engaged Customers
6182,30,Graduation,Together,26646.0,53,6,26,0,2,0,4,Low-Value / Low-Engagement Customers
5324,33,PhD,Married,58293.0,422,14,94,0,5,3,6,Regular / Moderate-Value Customers
7446,47,Master,Together,62513.0,716,20,16,0,6,4,10,Regular / Moderate-Value Customers
965,43,Graduation,Divorced,55635.0,590,17,34,0,7,3,7,High-Value & Highly Engaged Customers
6177,29,PhD,Married,33454.0,169,8,32,0,4,0,4,Low-Value / Low-Engagement Customers
4855,40,PhD,Together,30351.0,46,5,19,0,3,0,2,Low-Value / Low-Engagement Customers
5899,64,PhD,Together,5648.0,49,1,68,1,1,0,0,Regular / Moderate-Value Customers
1994,31,Graduation,Married,51373.0,19,3,11,0,1,0,2,Low-Value / Low-Engagement Customers
387,38,Basic,Married,7500.0,61,5,59,0,2,0,3,Low-Value / Low-Engagement Customers
2125,55,Graduation,Divorced,63033.0,1102,15,82,0,3,4,8,High-Value & Highly Engaged Customers
8180,62,Master,Divorced,59354.0,310,12,53,0,6,1,5,Regular / Moderate-Value Customers
2569,27,Graduation,Married,17323.0,46,4,38,0,1,0,3,Low-Value / Low-Engagement Customers
2114,68,PhD,Single,82800.0,1315,25,23,2,7,6,12,High-Value & Highly Engaged Customers
9736,34,Graduation,Married,41850.0,96,6,51,0,3,0,3,Regular / Moderate-Value Customers
4939,68,Graduation,Together,37760.0,317,11,20,0,4,1,6,Low-Value / Low-Engagement Customers
6565,65,Master,Married,76995.0,1782,24,91,1,11,4,9,High-Value & Highly Engaged Customers
2278,29,2n Cycle,Single,33812.0,133,6,86,0,2,1,3,Low-Value / Low-Engagement Customers
9360,32,Graduation,Married,37040.0,316,11,41,0,4,2,5,Low-Value / Low-Engagement Customers
5376,35,Graduation,Married,2447.0,1730,28,42,0,0,28,0,High-Value & Highly Engaged Customers
1993,65,PhD,Married,58607.0,972,14,63,1,2,3,9,Regular / Moderate-Value Customers
4047,60,PhD,Married,65324.0,544,17,0,0,6,2,9,Regular / Moderate-Value Customers
1409,63,Graduation,Together,40689.0,444,13,69,0,7,1,5,Regular / Moderate-Value Customers
7892,45,Graduation,Single,18589.0,75,6,89,0,2,1,3,Low-Value / Low-Engagement Customers
2404,38,Graduation,Married,53359.0,257,10,4,0,5,1,4,Regular / Moderate-Value Customers
5255,28,Graduation,Single,51373.0,637,27,19,0,27,0,0,High-Value & Highly Engaged Customers
9422,25,Graduation,Married,38360.0,131,7,26,0,2,1,4,Low-Value / Low-Engagement Customers
1966,49,PhD,Married,84618.0,1672,25,96,1,6,9,10,High-Value & Highly Engaged Customers
6864,25,Master,Divorced,10979.0,30,6,34,0,3,0,3,Low-Value / Low-Engagement Customers
3033,51,Master,Together,38620.0,318,10,56,0,2,5,3,Low-Value / Low-Engagement Customers
5710,44,Graduation,Together,40548.0,120,7,31,1,2,1,4,Regular / Moderate-Value Customers
7373,62,PhD,Divorced,46610.0,302,11,8,0,4,1,6,Regular / Moderate-Value Customers
8755,68,Master,Married,68657.0,1196,17,4,0,3,5,9,High-Value & Highly Engaged Customers
10738,63,Master,Single,49389.0,65,5,55,0,2,0,3,Regular / Moderate-Value Customers
4339,44,PhD,Married,67353.0,913,23,37,0,5,6,12,High-Value & Highly Engaged Customers
10755,38,2n Cycle,Married,23718.0,81,6,76,0,3,1,2,Low-Value / Low-Engagement Customers
8595,41,Graduation,Widow,42429.0,67,5,99,0,1,1,3,Regular / Moderate-Value Customers
2968,71,PhD,Divorced,48948.0,902,22,53,1,7,10,5,High-Value & Highly Engaged Customers
8601,34,Graduation,Married,80011.0,1395,19,3,0,8,6,5,High-Value & Highly Engaged Customers
503,29,Master,Married,20559.0,53,5,88,0,2,0,3,Low-Value / Low-Engagement Customers
8430,57,Graduation,Together,21994.0,22,3,4,0,0,0,3,Low-Value / Low-Engagement Customers
7281,55,PhD,Single,51373.0,186,8,80,0,1,3,4,Regular / Moderate-Value Customers
2139,39,Master,Married,7500.0,31,5,19,0,2,0,3,Low-Value / Low-Engagement Customers
1371,38,Graduation,Single,79941.0,984,15,72,0,2,4,9,High-Value & Highly Engaged Customers
9909,18,2n Cycle,Married,7500.0,122,7,24,0,3,1,3,Low-Value / Low-Engagement Customers
7286,46,Graduation,Together,41728.0,55,4,92,0,2,0,2,Low-Value / Low-Engagement Customers
7244,63,Graduation,Single,51373.0,124,7,96,0,2,1,4,Regular / Moderate-Value Customers
6566,60,PhD,Married,72550.0,1319,19,39,0,5,2,12,Regular / Moderate-Value Customers
8614,57,Graduation,Widow,65486.0,507,16,29,0,4,2,10,High-Value & Highly Engaged Customers
4114,50,Master,Married,79143.0,1693,28,2,0,6,9,13,High-Value & Highly Engaged Customers
1331,37,Graduation,Single,35790.0,72,5,54,0,2,0,3,Low-Value / Low-Engagement Customers
2225,37,Graduation,Divorced,82582.0,1617,20,54,2,4,9,7,High-Value & Highly Engaged Customers
9381,36,Graduation,Married,66373.0,606,16,57,0,4,2,10,Regular / Moderate-Value Customers
6260,59,Master,Together,82384.0,1957,26,55,1,3,10,13,High-Value & Highly Engaged Customers
10383,48,Graduation,Divorced,70287.0,1093,20,30,0,5,5,10,High-Value & Highly Engaged Customers
7437,26,Graduation,Single,27938.0,29,5,31,0,1,0,4,Low-Value / Low-Engagement Customers
8557,32,Graduation,Single,51373.0,46,5,57,0,2,0,3,Low-Value / Low-Engagement Customers
8375,46,PhD,Married,55954.0,518,16,63,0,8,2,6,Regular / Moderate-Value Customers
6853,32,Master,Single,75777.0,1438,20,12,2,3,6,11,High-Value & Highly Engaged Customers
3076,39,Graduation,Together,66653.0,612,18,18,0,4,2,12,Regular / Moderate-Value Customers
1012,62,Graduation,Single,61823.0,884,20,26,0,8,2,10,Regular / Moderate-Value Customers
6518,63,PhD,Widow,67680.0,606,18,8,0,7,3,8,Regular / Moderate-Value Customers
4137,66,Graduation,Together,70666.0,1076,15,29,0,7,4,4,High-Value & Highly Engaged Customers
8082,43,Graduation,Married,25721.0,34,4,75,0,1,1,2,Low-Value / Low-Engagement Customers
1386,47,Graduation,Together,32474.0,11,3,0,0,1,0,2,Regular / Moderate-Value Customers
9369,35,2n Cycle,Single,88194.0,1274,31,19,2,11,10,10,High-Value & Highly Engaged Customers
4477,56,Graduation,Together,69096.0,653,17,4,0,5,2,10,High-Value & Highly Engaged Customers
1357,44,Graduation,Together,74854.0,1562,12,90,0,2,5,5,Regular / Moderate-Value Customers
1402,60,Master,Married,66991.0,1253,18,1,0,4,8,6,High-Value & Highly Engaged Customers
10629,41,2n Cycle,Married,51373.0,109,6,25,0,3,0,3,Low-Value / Low-Engagement Customers
6312,55,Graduation,Married,65031.0,863,26,29,0,10,3,13,High-Value & Highly Engaged Customers
8132,39,PhD,Married,60631.0,661,19,88,1,9,2,8,Regular / Moderate-Value Customers
1050,62,Graduation,Married,28332.0,65,7,58,0,2,1,4,Low-Value / Low-Engagement Customers
5846,37,Graduation,Divorced,40246.0,13,3,68,0,1,0,2,Low-Value / Low-Engagement Customers
1859,42,Master,Married,75251.0,1890,18,34,0,7,6,5,High-Value & Highly Engaged Customers
7503,38,Graduation,Single,75825.0,2209,22,40,1,5,8,9,High-Value & Highly Engaged Customers
10401,38,2n Cycle,Together,26326.0,18,3,12,0,0,0,3,Low-Value / Low-Engagement Customers
1618,49,Graduation,Together,56046.0,692,19,9,1,10,1,8,High-Value & Highly Engaged Customers
3332,29,Graduation,Single,29760.0,165,8,87,0,3,1,4,Regular / Moderate-Value Customers
2261,45,Graduation,Married,26304.0,16,3,5,0,1,0,2,Low-Value / Low-Engagement Customers
5346,41,2n Cycle,Married,23559.0,79,6,87,0,3,0,3,Low-Value / Low-Engagement Customers
4119,51,Master,Together,38620.0,318,10,56,0,2,5,3,Low-Value / Low-Engagement Customers
535,27,Graduation,Divorced,81361.0,778,26,18,0,3,10,13,High-Value & Highly Engaged Customers
5268,54,Graduation,Married,29440.0,56,5,95,0,1,0,4,Low-Value / Low-Engagement Customers
273,44,Master,Married,36138.0,151,8,48,1,3,1,4,Regular / Moderate-Value Customers
4452,57,Graduation,Single,50388.0,372,13,3,2,6,1,6,Regular / Moderate-Value Customers
8504,41,Graduation,Married,79593.0,1366,18,70,1,5,6,7,High-Value & Highly Engaged Customers
771,47,Graduation,Together,54178.0,194,9,79,0,2,2,5,Regular / Moderate-Value Customers
8996,57,PhD,Married,51373.0,603,17,4,0,7,2,8,Regular / Moderate-Value Customers
9235,57,Graduation,Single,51373.0,18,3,45,0,1,0,2,Regular / Moderate-Value Customers
5798,41,Master,Together,51373.0,985,14,87,0,2,4,8,High-Value & Highly Engaged Customers
11178,42,Master,Single,42394.0,32,4,69,0,1,0,3,Regular / Moderate-Value Customers
2230,44,PhD,Married,23626.0,43,7,84,0,3,1,3,Regular / Moderate-Value Customers
7516,31,Graduation,Married,30096.0,45,5,30,0,2,0,3,Low-Value / Low-Engagement Customers
7247,54,Graduation,Widow,47916.0,606,17,72,1,7,4,6,Regular / Moderate-Value Customers
11100,42,Graduation,Divorced,51813.0,63,5,37,0,2,0,3,Regular / Moderate-Value Customers
4646,63,2n Cycle,Married,78497.0,978,24,44,1,5,7,12,High-Value & Highly Engaged Customers
3037,31,PhD,Married,50150.0,410,14,32,0,5,2,7,Low-Value / Low-Engagement Customers
1473,54,2n Cycle,Single,47823.0,72,5,0,0,2,0,3,Regular / Moderate-Value Customers
1016,55,PhD,Single,34554.0,55,5,43,0,2,0,3,Regular / Moderate-Value Customers
4518,35,Graduation,Together,85693.0,1169,25,59,0,9,5,11,High-Value & Highly Engaged Customers
9370,69,PhD,Married,65846.0,1120,15,68,0,6,3,6,High-Value & Highly Engaged Customers
8908,55,Graduation,Married,87195.0,1097,19,35,0,3,11,5,High-Value & Highly Engaged Customers
8373,35,Basic,Together,24594.0,29,4,94,0,1,0,3,Low-Value / Low-Engagement Customers
7533,50,Graduation,Married,49096.0,187,9,15,0,4,1,4,Regular / Moderate-Value Customers
2683,45,Graduation,Married,52413.0,910,22,56,0,6,4,12,Regular / Moderate-Value Customers
3629,36,Graduation,Single,38557.0,145,7,17,0,3,1,3,Regular / Moderate-Value Customers
10991,54,Master,Married,89058.0,850,13,18,0,5,4,4,High-Value & Highly Engaged Customers
5077,35,Graduation,Together,77298.0,969,23,46,0,6,6,11,High-Value & Highly Engaged Customers
7431,23,PhD,Single,68126.0,1820,16,40,1,7,4,5,High-Value & Highly Engaged Customers
3267,51,Master,Together,57288.0,608,17,27,1,8,1,8,Regular / Moderate-Value Customers
999,23,Graduation,Single,86037.0,730,24,95,2,6,7,11,High-Value & Highly Engaged Customers
9215,34,PhD,Married,43974.0,551,16,19,0,6,4,6,Regular / Moderate-Value Customers
2286,52,Graduation,Single,50785.0,114,6,27,0,2,1,3,Regular / Moderate-Value Customers
1592,44,Graduation,Married,90765.0,1724,15,25,2,4,6,5,High-Value & Highly Engaged Customers
367,36,2n Cycle,Married,36550.0,577,15,74,0,9,1,5,Low-Value / Low-Engagement Customers
5234,47,2n Cycle,Together,30753.0,81,5,85,0,1,1,3,Low-Value / Low-Engagement Customers
9862,45,Graduation,Together,21918.0,33,5,37,0,2,0,3,Low-Value / Low-Engagement Customers
9805,61,Master,Together,56129.0,660,18,65,0,6,2,10,Regular / Moderate-Value Customers
6205,47,Master,Single,32557.0,80,6,13,0,2,1,3,Regular / Moderate-Value Customers
8442,29,Master,Married,19510.0,30,4,63,0,1,0,3,Low-Value / Low-Engagement Customers
7386,38,Graduation,Divorced,30992.0,43,4,83,0,1,0,3,Low-Value / Low-Engagement Customers
7215,31,Graduation,Single,101970.0,1135,27,69,3,6,8,13,High-Value & Highly Engaged Customers
1491,49,2n Cycle,Together,71488.0,559,14,87,0,3,4,7,High-Value & Highly Engaged Customers
11071,30,Graduation,Single,79607.0,1923,15,37,0,3,6,6,High-Value & Highly Engaged Customers
3381,61,Master,Married,54348.0,90,6,51,0,2,0,4,Regular / Moderate-Value Customers
8268,53,PhD,Married,51373.0,404,14,23,0,6,1,7,Regular / Moderate-Value Customers
11051,58,PhD,Together,77376.0,661,19,72,0,6,3,10,Regular / Moderate-Value Customers
8026,62,Graduation,Married,62998.0,463,14,10,0,5,4,5,Low-Value / Low-Engagement Customers
433,56,Master,Other,61331.0,632,18,42,0,11,1,6,Regular / Moderate-Value Customers
9597,45,Graduation,Married,73448.0,725,18,10,0,7,2,9,High-Value & Highly Engaged Customers
1295,51,Graduation,Married,51373.0,725,18,96,0,6,5,7,High-Value & Highly Engaged Customers
5290,50,PhD,Married,41551.0,279,11,51,0,5,1,5,Regular / Moderate-Value Customers
1685,47,PhD,Together,62981.0,1482,22,21,1,4,5,13,High-Value & Highly Engaged Customers
5342,38,Basic,Divorced,9548.0,29,4,31,0,1,0,3,Low-Value / Low-Engagement Customers
9579,55,PhD,Married,33762.0,106,6,61,0,2,2,2,Regular / Moderate-Value Customers
7660,41,PhD,Other,35860.0,49,4,37,1,1,1,2,Regular / Moderate-Value Customers
1461,49,PhD,Divorced,36921.0,38,5,74,0,2,0,3,Regular / Moderate-Value Customers
821,22,Master,Single,92859.0,2077,21,46,0,5,4,12,High-Value & Highly Engaged Customers
11084,38,Master,Together,65104.0,1053,15,4,0,3,5,7,Regular / Moderate-Value Customers
8690,52,Graduation,Married,86111.0,1385,22,73,0,5,7,10,High-Value & Highly Engaged Customers
2937,40,PhD,Single,68352.0,871,22,47,0,8,5,9,Regular / Moderate-Value Customers
9701,26,Graduation,Together,41883.0,312,9,13,0,4,2,3,Low-Value / Low-Engagement Customers
9949,38,Graduation,Married,59809.0,877,12,36,0,3,3,6,Regular / Moderate-Value Customers
10837,39,Graduation,Married,23957.0,68,5,47,0,2,0,3,Low-Value / Low-Engagement Customers
3120,33,Graduation,Together,38547.0,22,3,49,0,1,0,2,Low-Value / Low-Engagement Customers
5885,41,2n Cycle,Married,35688.0,211,9,94,0,4,1,4,Regular / Moderate-Value Customers
4050,48,Master,Married,49605.0,127,7,65,0,2,1,4,Low-Value / Low-Engagement Customers
3830,61,Master,Married,59354.0,459,15,59,0,4,4,7,Regular / Moderate-Value Customers
7987,45,Graduation,Married,65747.0,460,15,96,1,8,1,6,Regular / Moderate-Value Customers
7798,42,2n Cycle,Together,46344.0,429,13,28,0,7,1,5,Regular / Moderate-Value Customers
92,26,Graduation,Other,34176.0,89,7,12,0,3,0,4,Low-Value / Low-Engagement Customers
7055,62,PhD,Together,61010.0,1021,24,57,0,8,5,11,Regular / Moderate-Value Customers
10240,65,Graduation,Together,69372.0,1381,20,10,2,10,4,6,High-Value & Highly Engaged Customers
3025,56,Graduation,Single,49967.0,306,12,4,0,6,1,5,Regular / Moderate-Value Customers
9283,36,Graduation,Single,60199.0,18,3,49,0,0,0,3,Regular / Moderate-Value Customers
9970,37,Graduation,Together,55375.0,162,8,3,0,1,1,6,Low-Value / Low-Engagement Customers
2730,59,Graduation,Single,80317.0,1231,17,64,0,3,4,10,High-Value & Highly Engaged Customers
2795,56,Master,Single,30523.0,13,3,0,0,1,0,2,Regular / Moderate-Value Customers
9260,69,PhD,Married,70356.0,1706,25,20,0,10,6,9,High-Value & Highly Engaged Customers
8182,30,Graduation,Married,23228.0,121,7,91,0,3,0,4,Low-Value / Low-Engagement Customers
10095,39,PhD,Divorced,74165.0,1293,19,9,0,5,4,10,High-Value & Highly Engaged Customers
8475,41,PhD,Married,157243.0,1608,22,98,0,0,22,0,High-Value & Highly Engaged Customers
4370,48,Graduation,Together,43482.0,88,6,83,0,2,0,4,Regular / Moderate-Value Customers
10573,61,Graduation,Divorced,62551.0,421,17,27,1,6,7,4,High-Value & Highly Engaged Customers
3712,55,Graduation,Divorced,52332.0,259,11,63,1,3,2,6,Regular / Moderate-Value Customers
6637,26,Graduation,Single,66951.0,1117,14,46,0,3,4,7,High-Value & Highly Engaged Customers
3152,57,Graduation,Together,26091.0,89,6,84,0,2,1,3,Low-Value / Low-Engagement Customers
5610,49,Graduation,Together,33456.0,36,4,58,0,1,0,3,Low-Value / Low-Engagement Customers
6460,32,Graduation,Married,28718.0,57,5,78,0,2,0,3,Low-Value / Low-Engagement Customers
1349,44,Graduation,Married,50447.0,148,7,4,0,3,1,3,Regular / Moderate-Value Customers
1880,55,PhD,Together,53537.0,93,6,17,0,2,1,3,Regular / Moderate-Value Customers
641,47,Graduation,Single,52074.0,119,6,77,1,2,2,2,Regular / Moderate-Value Customers
8717,39,PhD,Married,80427.0,1835,27,56,0,11,8,8,High-Value & Highly Engaged Customers
10314,66,PhD,Married,83837.0,1318,24,79,2,9,10,5,High-Value & Highly Engaged Customers
10854,44,PhD,Married,38853.0,45,5,90,0,2,0,3,Regular / Moderate-Value Customers
10492,55,Graduation,Together,38285.0,10,3,96,0,0,0,3,Low-Value / Low-Engagement Customers
6935,63,2n Cycle,Married,78497.0,978,24,44,1,5,7,12,High-Value & Highly Engaged Customers
7698,38,PhD,Married,51650.0,191,9,81,0,4,1,4,Regular / Moderate-Value Customers
3559,26,2n Cycle,Married,16248.0,57,6,77,0,2,1,3,Low-Value / Low-Engagement Customers
10562,68,Master,Married,66835.0,1033,23,21,0,6,4,13,High-Value & Highly Engaged Customers
10796,30,Master,Married,30477.0,66,5,16,0,1,1,3,Regular / Moderate-Value Customers
2563,53,Basic,Married,28249.0,43,5,80,0,2,0,3,Low-Value / Low-Engagement Customers
3518,31,Graduation,Married,25271.0,50,4,45,0,1,1,2,Low-Value / Low-Engagement Customers
5823,44,PhD,Single,32303.0,39,5,63,0,1,0,4,Regular / Moderate-Value Customers
3934,48,Graduation,Married,61286.0,608,16,34,0,7,1,8,Regular / Moderate-Value Customers
6982,38,Graduation,Married,74068.0,1581,23,14,0,4,10,9,High-Value & Highly Engaged Customers
6431,50,PhD,Married,45759.0,68,5,13,0,2,0,3,Regular / Moderate-Value Customers
9733,36,Basic,Together,24882.0,80,4,52,1,1,1,2,Low-Value / Low-Engagement Customers
5602,25,PhD,Together,66973.0,1282,27,98,0,8,7,12,High-Value & Highly Engaged Customers
1324,26,Graduation,Married,38872.0,91,6,93,0,3,0,3,Low-Value / Low-Engagement Customers
326,41,Graduation,Married,51148.0,315,12,38,0,5,1,6,Regular / Moderate-Value Customers
7224,37,Graduation,Married,31353.0,31,4,24,0,1,1,2,Regular / Moderate-Value Customers
6999,34,Master,Married,69661.0,834,22,80,0,7,3,12,High-Value & Highly Engaged Customers
9938,60,Graduation,Married,80067.0,1600,16,82,1,4,6,6,High-Value & Highly Engaged Customers
6422,60,Graduation,Married,86718.0,1270,16,20,0,5,6,5,High-Value & Highly Engaged Customers
3182,41,PhD,Single,46854.0,263,9,81,1,5,1,3,Regular / Moderate-Value Customers
7300,62,Graduation,Divorced,69142.0,535,16,50,1,8,1,7,Regular / Moderate-Value Customers
10424,46,Graduation,Single,75922.0,1295,17,60,0,4,4,9,High-Value & Highly Engaged Customers
8727,36,Graduation,Divorced,63693.0,1150,26,63,0,11,6,9,High-Value & Highly Engaged Customers
2798,37,PhD,Together,102160.0,1240,26,54,3,7,9,10,High-Value & Highly Engaged Customers
1030,49,PhD,Single,40637.0,38,4,72,0,1,0,3,Regular / Moderate-Value Customers
624,30,Master,Single,18890.0,35,3,5,1,0,1,2,Low-Value / Low-Engagement Customers
5176,26,Graduation,Together,29604.0,53,4,88,1,1,0,3,Low-Value / Low-Engagement Customers
5552,51,Master,Divorced,48721.0,293,11,50,0,4,2,5,Regular / Moderate-Value Customers
868,48,Graduation,Married,44794.0,65,5,99,0,2,0,3,Regular / Moderate-Value Customers
380,60,Graduation,Divorced,64497.0,1804,24,17,1,11,4,9,High-Value & Highly Engaged Customers
2677,58,Graduation,Together,46097.0,241,10,11,0,3,1,6,Low-Value / Low-Engagement Customers
6521,60,Graduation,Together,77972.0,1101,19,18,0,4,6,9,High-Value & Highly Engaged Customers
6927,46,PhD,Married,44377.0,264,11,70,0,5,1,5,Regular / Moderate-Value Customers
2877,40,Master,Together,46014.0,541,16,21,0,7,1,8,Regular / Moderate-Value Customers
0,29,Graduation,Married,70951.0,1198,16,66,0,3,4,9,High-Value & Highly Engaged Customers
1584,37,Graduation,Married,41443.0,482,14,79,0,8,1,5,Regular / Moderate-Value Customers
7264,36,2n Cycle,Single,52195.0,17,3,2,0,1,0,2,Regular / Moderate-Value Customers
6274,66,Master,Married,83790.0,1615,24,81,2,8,10,6,High-Value & Highly Engaged Customers
1377,60,Master,Widow,44551.0,285,10,24,0,4,1,5,Regular / Moderate-Value Customers
454,34,Graduation,Together,69508.0,1135,26,48,0,11,4,11,High-Value & Highly Engaged Customers
1755,26,2n Cycle,Together,45204.0,114,6,93,0,1,1,4,Low-Value / Low-Engagement Customers
2075,45,Graduation,Married,72460.0,1047,15,56,0,3,5,7,High-Value & Highly Engaged Customers
4785,44,PhD,Together,77622.0,714,20,3,0,6,3,11,Regular / Moderate-Value Customers
9076,34,PhD,Married,30732.0,185,9,44,0,4,1,4,Regular / Moderate-Value Customers
7079,52,Graduation,Divorced,63887.0,1245,27,38,0,9,6,12,High-Value & Highly Engaged Customers
4653,36,Graduation,Together,42011.0,189,8,46,0,3,1,4,Regular / Moderate-Value Customers
7375,38,Graduation,Together,51369.0,576,14,84,0,8,2,4,Regular / Moderate-Value Customers
709,62,Graduation,Divorced,51537.0,1103,15,27,0,2,2,11,Regular / Moderate-Value Customers
460,42,PhD,Married,79930.0,1753,16,72,0,3,5,8,High-Value & Highly Engaged Customers
3726,28,PhD,Together,34320.0,17,3,66,0,1,0,2,Low-Value / Low-Engagement Customers
6798,48,Graduation,Single,37070.0,433,14,30,0,5,1,8,Regular / Moderate-Value Customers
5341,52,2n Cycle,Divorced,81975.0,1588,13,2,1,6,3,4,High-Value & Highly Engaged Customers
1606,43,Graduation,Together,38590.0,22,3,65,0,1,0,2,Low-Value / Low-Engagement Customers
9617,63,Graduation,Single,15033.0,19,4,37,0,1,0,3,Low-Value / Low-Engagement Customers
3233,49,PhD,Married,62745.0,1117,26,89,0,7,8,11,High-Value & Highly Engaged Customers
89,39,2n Cycle,Married,22212.0,69,6,49,0,2,0,4,Low-Value / Low-Engagement Customers
2936,32,Master,Together,23661.0,23,4,46,0,1,0,3,Regular / Moderate-Value Customers
9449,56,PhD,Single,79761.0,605,18,32,0,5,2,11,Regular / Moderate-Value Customers
7297,41,Graduation,Single,7500.0,57,7,54,0,3,1,3,Low-Value / Low-Engagement Customers
313,46,Graduation,Widow,73455.0,2088,21,98,1,6,5,10,High-Value & Highly Engaged Customers
9940,56,Graduation,Together,64961.0,1009,14,97,0,6,4,4,High-Value & Highly Engaged Customers
10735,43,Graduation,Single,22804.0,26,4,75,0,2,0,2,Regular / Moderate-Value Customers
9529,24,Graduation,Married,73687.0,1627,21,8,1,3,9,9,High-Value & Highly Engaged Customers
6439,56,Graduation,Married,61074.0,1102,24,37,0,11,5,8,Regular / Moderate-Value Customers
7411,50,PhD,Married,31686.0,17,4,31,0,1,0,3,Regular / Moderate-Value Customers
2176,42,Graduation,Married,80134.0,1690,14,40,3,5,3,6,High-Value & Highly Engaged Customers
9265,61,Graduation,Married,75027.0,1390,19,74,0,9,4,6,High-Value & Highly Engaged Customers
8867,26,PhD,Married,67546.0,2126,19,90,0,4,10,5,High-Value & Highly Engaged Customers
8932,45,Master,Together,65176.0,1531,21,57,0,9,6,6,High-Value & Highly Engaged Customers
10236,39,Master,Single,31160.0,64,5,59,0,2,0,3,Low-Value / Low-Engagement Customers
6340,29,Graduation,Single,29938.0,26,4,52,0,1,0,3,Low-Value / Low-Engagement Customers
10089,40,Graduation,Divorced,102692.0,1112,28,5,4,6,9,13,High-Value & Highly Engaged Customers
2227,56,2n Cycle,Together,26490.0,210,9,92,0,3,1,5,Low-Value / Low-Engagement Customers
10992,47,Graduation,Together,75702.0,1148,21,77,0,4,6,11,Regular / Moderate-Value Customers
5304,40,PhD,Single,30899.0,33,4,35,0,1,0,3,Regular / Moderate-Value Customers
309,53,PhD,Together,63342.0,1101,16,48,1,8,3,5,Regular / Moderate-Value Customers
3406,50,Graduation,Single,45989.0,322,12,97,0,3,2,7,Regular / Moderate-Value Customers
2661,50,Graduation,Single,18701.0,44,6,95,0,2,0,4,Low-Value / Low-Engagement Customers
3153,57,PhD,Single,40737.0,17,3,24,0,1,0,2,Regular / Moderate-Value Customers
10264,35,Graduation,Divorced,15287.0,31,4,60,1,1,1,2,Low-Value / Low-Engagement Customers
1184,46,PhD,Divorced,69674.0,845,22,46,0,10,2,10,Regular / Moderate-Value Customers
4200,44,Master,Married,44159.0,275,11,85,0,4,1,6,Regular / Moderate-Value Customers
9396,36,PhD,Married,37717.0,25,3,31,0,1,0,2,Low-Value / Low-Engagement Customers
2387,62,Master,Together,43776.0,275,11,9,0,5,2,4,Regular / Moderate-Value Customers
6690,48,Master,Married,38179.0,90,7,30,0,3,1,3,Regular / Moderate-Value Customers
1225,51,Graduation,Married,80124.0,1495,18,47,1,3,7,8,High-Value & Highly Engaged Customers
9703,44,PhD,Married,38097.0,184,7,70,1,3,2,2,Regular / Moderate-Value Customers
291,44,Graduation,Married,72940.0,981,12,13,0,3,3,6,High-Value & Highly Engaged Customers
4557,44,Graduation,Together,22070.0,67,6,11,0,2,2,2,Low-Value / Low-Engagement Customers
2379,61,Graduation,Single,69267.0,1635,12,31,0,3,4,5,High-Value & Highly Engaged Customers
5726,31,Master,Single,31788.0,60,7,15,0,3,0,4,Low-Value / Low-Engagement Customers
3066,39,PhD,Together,61905.0,231,10,2,0,4,2,4,Regular / Moderate-Value Customers
6336,54,Graduation,Married,29315.0,48,6,55,0,2,0,4,Low-Value / Low-Engagement Customers
10967,51,Graduation,Divorced,33378.0,99,6,38,0,2,0,4,Regular / Moderate-Value Customers
2304,51,PhD,Together,66313.0,770,21,86,0,6,3,12,Regular / Moderate-Value Customers
3445,58,Graduation,Single,60714.0,957,21,56,0,7,4,10,High-Value & Highly Engaged Customers
7828,33,Master,Together,77882.0,818,11,29,0,3,3,5,High-Value & Highly Engaged Customers
3762,28,PhD,Single,69867.0,925,16,30,1,3,5,8,High-Value & Highly Engaged Customers
4391,46,Master,Divorced,63841.0,908,21,64,0,9,3,9,Regular / Moderate-Value Customers
4669,33,Basic,Married,24480.0,102,7,46,0,3,0,4,Low-Value / Low-Engagement Customers
10144,38,Graduation,Together,51369.0,576,14,84,0,8,2,4,Regular / Moderate-Value Customers
8652,68,Graduation,Together,37760.0,317,11,20,0,4,1,6,Low-Value / Low-Engagement Customers
1672,40,PhD,Together,65640.0,461,14,74,0,5,1,8,Regular / Moderate-Value Customers
8962,39,Master,Married,44319.0,37,5,18,0,2,0,3,Regular / Moderate-Value Customers
9974,40,Graduation,Married,30631.0,70,6,75,0,3,1,2,Low-Value / Low-Engagement Customers
10983,62,Graduation,Together,75278.0,930,22,17,0,6,3,13,High-Value & Highly Engaged Customers
8148,58,Master,Together,50898.0,859,20,88,0,6,2,12,Regular / Moderate-Value Customers
10102,48,Graduation,Widow,79946.0,1478,21,19,0,5,11,5,High-Value & Highly Engaged Customers
4697,65,Master,Divorced,35416.0,390,13,62,0,7,1,5,Regular / Moderate-Value Customers
9262,30,2n Cycle,Together,32414.0,52,4,11,1,1,0,3,Low-Value / Low-Engagement Customers
7254,45,Graduation,Together,38361.0,137,7,74,0,3,1,3,Low-Value / Low-Engagement Customers
4543,34,Graduation,Married,82497.0,1919,18,32,1,2,7,9,High-Value & Highly Engaged Customers
4927,43,Graduation,Together,16626.0,68,6,76,0,3,0,3,Low-Value / Low-Engagement Customers
10451,49,Graduation,Together,29672.0,25,3,6,0,0,0,3,Low-Value / Low-Engagement Customers
2926,62,Master,Together,55951.0,1374,20,62,2,3,6,11,Regular / Moderate-Value Customers
2874,26,2n Cycle,Divorced,35388.0,32,4,20,0,1,0,3,Low-Value / Low-Engagement Customers
9738,28,Master,Together,42386.0,100,6,43,0,3,0,3,Regular / Moderate-Value Customers
7119,32,Graduation,Single,68627.0,825,11,45,0,2,3,6,High-Value & Highly Engaged Customers
3924,49,PhD,Divorced,57912.0,916,23,34,1,8,3,12,Regular / Moderate-Value Customers
5827,56,Graduation,Divorced,35246.0,62,7,53,0,3,1,3,Regular / Moderate-Value Customers
5596,58,2n Cycle,Together,58821.0,728,20,44,0,9,2,9,Regular / Moderate-Value Customers
10812,36,PhD,Married,46377.0,90,6,89,0,2,1,3,Regular / Moderate-Value Customers
1717,26,Graduation,Single,39747.0,273,10,43,0,5,1,4,Low-Value / Low-Engagement Customers
9491,30,Graduation,Together,23976.0,66,7,68,0,3,1,3,Low-Value / Low-Engagement Customers
9274,53,Master,Married,80950.0,1213,22,44,1,6,7,9,High-Value & Highly Engaged Customers
6609,48,Graduation,Widow,27038.0,107,6,64,0,3,0,3,Low-Value / Low-Engagement Customers
6963,67,Graduation,Single,77457.0,1157,17,85,1,2,5,10,High-Value & Highly Engaged Customers
4440,50,Master,Married,64100.0,546,17,93,1,8,3,6,Regular / Moderate-Value Customers
1379,22,Master,Together,42670.0,241,10,12,0,4,2,4,Regular / Moderate-Value Customers
10032,38,Graduation,Divorced,12571.0,53,7,86,0,3,1,3,Low-Value / Low-Engagement Customers
2826,47,Graduation,Married,22574.0,37,5,28,0,2,0,3,Regular / Moderate-Value Customers
2437,25,Graduation,Married,51373.0,1611,23,69,2,6,5,12,High-Value & Highly Engaged Customers
6320,38,Master,Single,70893.0,1508,22,42,0,6,6,10,High-Value & Highly Engaged Customers
3050,48,Graduation,Married,54198.0,235,10,13,0,3,1,6,Regular / Moderate-Value Customers
231,58,Master,Together,28839.0,32,5,86,0,2,0,3,Regular / Moderate-Value Customers
2392,42,Graduation,Married,40321.0,102,6,59,0,3,0,3,Regular / Moderate-Value Customers
9478,29,Graduation,Single,66503.0,401,13,30,0,4,3,6,Low-Value / Low-Engagement Customers
113,63,Graduation,Married,30833.0,28,4,33,0,1,0,3,Regular / Moderate-Value Customers
2863,44,Graduation,Single,51373.0,1052,15,67,2,2,3,10,Regular / Moderate-Value Customers
1802,43,Graduation,Married,64795.0,680,18,23,0,3,3,12,Regular / Moderate-Value Customers
520,40,Graduation,Married,34421.0,30,3,81,0,1,0,2,Low-Value / Low-Engagement Customers
8275,49,PhD,Divorced,47025.0,20,3,6,0,1,0,2,Regular / Moderate-Value Customers
9750,53,PhD,Divorced,64325.0,1307,18,41,0,10,3,5,High-Value & Highly Engaged Customers
2607,61,Graduation,Single,40464.0,630,18,78,0,8,2,8,Regular / Moderate-Value Customers
7214,57,Graduation,Married,62187.0,1283,17,49,0,4,8,5,High-Value & Highly Engaged Customers
5835,38,PhD,Divorced,14849.0,65,6,39,0,2,0,4,Low-Value / Low-Engagement Customers
3896,30,Graduation,Married,27255.0,37,4,3,0,1,0,3,Regular / Moderate-Value Customers
10350,64,PhD,Married,54432.0,38,4,37,0,1,0,3,Regular / Moderate-Value Customers
7786,28,PhD,Single,29999.0,160,8,22,0,3,1,4,Regular / Moderate-Value Customers
2861,31,Graduation,Single,24072.0,23,3,79,0,1,0,2,Low-Value / Low-Engagement Customers
663,25,PhD,Single,33996.0,71,5,46,0,1,1,3,Low-Value / Low-Engagement Customers
10675,58,PhD,Married,66334.0,1161,17,82,0,9,3,5,Regular / Moderate-Value Customers
2521,43,Master,Married,35178.0,59,4,10,1,1,1,2,Regular / Moderate-Value Customers
9592,31,Graduation,Together,22010.0,33,5,51,0,2,0,3,Low-Value / Low-Engagement Customers
10151,54,Graduation,Divorced,62204.0,946,21,38,0,4,5,12,Regular / Moderate-Value Customers
7381,46,Graduation,Divorced,75693.0,1442,21,10,3,11,4,6,High-Value & Highly Engaged Customers
4099,42,Graduation,Married,30675.0,62,4,14,0,1,0,3,Low-Value / Low-Engagement Customers
9560,49,Graduation,Together,83003.0,1674,21,18,1,7,6,8,High-Value & Highly Engaged Customers
10172,26,Graduation,Single,68655.0,1538,20,95,0,4,5,11,High-Value & Highly Engaged Customers
11191,28,Graduation,Divorced,41411.0,139,7,11,0,2,1,4,Low-Value / Low-Engagement Customers
9707,45,PhD,Married,55212.0,1182,17,65,2,4,2,11,Regular / Moderate-Value Customers
6245,64,PhD,Together,59292.0,507,16,71,0,3,5,8,Regular / Moderate-Value Customers
8234,41,Basic,Together,27190.0,18,3,13,1,1,0,2,Low-Value / Low-Engagement Customers
1411,62,Graduation,Divorced,82623.0,940,15,58,0,2,9,4,High-Value & Highly Engaged Customers
8553,49,Graduation,Married,44300.0,42,4,65,0,1,0,3,Regular / Moderate-Value Customers
1826,44,Graduation,Divorced,84835.0,1190,14,0,0,4,4,6,High-Value & Highly Engaged Customers
8842,43,Graduation,Widow,30372.0,44,5,33,0,2,0,3,Low-Value / Low-Engagement Customers
11030,38,Master,Married,33181.0,16,3,90,1,1,0,2,Regular / Moderate-Value Customers
2579,57,Graduation,Married,71113.0,835,22,95,0,6,7,9,High-Value & Highly Engaged Customers
175,28,Graduation,Married,71952.0,1443,20,93,2,8,4,8,High-Value & Highly Engaged Customers
9185,48,PhD,Single,69759.0,1029,15,38,0,4,6,5,High-Value & Highly Engaged Customers
11056,40,Graduation,Married,72099.0,1188,17,18,0,3,4,10,High-Value & Highly Engaged Customers
9365,38,PhD,Single,60000.0,1277,19,57,0,11,3,5,Regular / Moderate-Value Customers
6201,36,Graduation,Single,38643.0,49,5,45,0,2,0,3,Regular / Moderate-Value Customers
2061,59,Graduation,Married,50737.0,99,6,61,1,2,0,4,Regular / Moderate-Value Customers
6184,45,PhD,Married,68462.0,1670,14,6,0,3,3,8,High-Value & Highly Engaged Customers
6142,71,Master,Married,65073.0,900,13,65,0,5,3,5,High-Value & Highly Engaged Customers
4107,66,PhD,Together,46681.0,425,14,52,0,4,6,4,Regular / Moderate-Value Customers
7274,57,Graduation,Married,78618.0,2153,21,87,1,4,7,10,High-Value & Highly Engaged Customers
9336,45,PhD,Widow,62187.0,636,18,38,0,6,2,10,Regular / Moderate-Value Customers
2958,36,Graduation,Married,28442.0,57,7,53,0,2,1,4,Low-Value / Low-Engagement Customers
933,36,PhD,Married,37717.0,25,3,31,0,1,0,2,Low-Value / Low-Engagement Customers
5837,47,Graduation,Married,51479.0,494,15,67,0,6,3,6,Regular / Moderate-Value Customers
10704,45,Graduation,Single,54803.0,693,17,65,0,6,2,9,Regular / Moderate-Value Customers
5125,54,Graduation,Married,79530.0,1348,25,64,0,4,10,11,High-Value & Highly Engaged Customers
4432,38,Graduation,Divorced,31615.0,51,5,82,0,2,0,3,Low-Value / Low-Engagement Customers
5955,52,Graduation,Together,72025.0,1932,15,27,0,4,3,8,High-Value & Highly Engaged Customers
2928,39,PhD,Single,52614.0,990,14,63,0,2,4,8,Regular / Moderate-Value Customers
5680,30,2n Cycle,Married,35684.0,30,4,66,0,1,0,3,Low-Value / Low-Engagement Customers
10313,39,Graduation,Married,48178.0,254,10,69,0,5,1,4,Regular / Moderate-Value Customers
2557,44,Master,Single,29548.0,29,4,52,1,1,1,2,Low-Value / Low-Engagement Customers
1245,48,Graduation,Single,63810.0,1371,19,45,1,4,3,12,High-Value & Highly Engaged Customers
1519,42,PhD,Single,38578.0,73,6,2,0,3,0,3,Regular / Moderate-Value Customers
10703,39,Master,Single,46098.0,120,7,86,0,3,2,2,Regular / Moderate-Value Customers
1726,44,Graduation,Single,22585.0,81,4,23,1,1,1,2,Low-Value / Low-Engagement Customers
4459,25,Graduation,Single,30279.0,37,4,13,0,1,0,3,Low-Value / Low-Engagement Customers
1729,53,PhD,Together,66426.0,1377,18,14,0,3,5,10,Regular / Moderate-Value Customers
1517,45,Graduation,Single,30822.0,51,4,92,0,1,0,3,Low-Value / Low-Engagement Customers
2098,45,PhD,Married,33581.0,17,3,38,0,1,0,2,Regular / Moderate-Value Customers
9543,29,Graduation,Married,19986.0,22,3,74,0,0,0,3,Low-Value / Low-Engagement Customers
6878,60,Graduation,Widow,27421.0,324,11,14,0,4,1,6,Low-Value / Low-Engagement Customers
3310,41,2n Cycle,Married,35688.0,211,9,94,0,4,1,4,Regular / Moderate-Value Customers
2724,33,Master,Single,36143.0,19,3,33,0,0,1,2,Regular / Moderate-Value Customers
948,43,Graduation,Single,10245.0,41,5,32,0,1,2,2,Low-Value / Low-Engagement Customers
6720,46,Master,Together,43795.0,492,14,11,1,7,3,4,Regular / Moderate-Value Customers
6202,54,Graduation,Together,63381.0,1005,22,78,0,4,5,13,High-Value & Highly Engaged Customers
2066,65,Graduation,Together,38823.0,114,6,56,0,2,1,3,Regular / Moderate-Value Customers
9799,46,PhD,Divorced,83664.0,1173,16,57,0,2,2,12,Regular / Moderate-Value Customers
8318,35,Graduation,Together,90300.0,1738,19,7,1,5,6,8,High-Value & Highly Engaged Customers
5642,35,Master,Together,62499.0,222,10,0,0,3,1,6,Regular / Moderate-Value Customers
2669,21,Graduation,Single,74293.0,1127,15,66,0,5,4,6,High-Value & Highly Engaged Customers
455,68,PhD,Married,51012.0,209,9,86,0,4,1,4,Regular / Moderate-Value Customers
7683,46,Master,Married,70777.0,787,20,80,0,5,3,12,Regular / Moderate-Value Customers
3428,23,PhD,Together,68682.0,1598,23,56,0,4,9,10,High-Value & Highly Engaged Customers
7414,43,Graduation,Married,43824.0,186,8,18,0,3,1,4,Regular / Moderate-Value Customers
6354,30,Graduation,Together,15345.0,47,4,51,0,1,1,2,Low-Value / Low-Engagement Customers
798,27,Graduation,Single,23442.0,27,4,71,0,1,0,3,Low-Value / Low-Engagement Customers
8213,34,2n Cycle,Together,14515.0,96,7,71,0,2,2,3,Low-Value / Low-Engagement Customers
2488,58,2n Cycle,Divorced,31395.0,64,6,80,0,2,1,3,Regular / Moderate-Value Customers
9999,49,Graduation,Together,75276.0,1040,22,2,0,9,4,9,High-Value & Highly Engaged Customers
7617,40,Graduation,Single,42373.0,163,8,83,0,2,1,5,Regular / Moderate-Value Customers
615,54,Graduation,Together,30507.0,343,10,29,0,5,1,4,Low-Value / Low-Engagement Customers
2552,59,PhD,Single,55521.0,446,15,11,1,6,3,6,Regular / Moderate-Value Customers
194,49,Graduation,Married,48006.0,41,4,55,0,1,0,3,Regular / Moderate-Value Customers
3645,42,PhD,Single,27213.0,70,6,19,0,2,0,4,Low-Value / Low-Engagement Customers
8890,43,PhD,Divorced,65808.0,272,11,1,0,5,1,5,Regular / Moderate-Value Customers
5049,40,PhD,Together,30351.0,46,5,19,0,3,0,2,Low-Value / Low-Engagement Customers
9973,51,Graduation,Married,50437.0,490,16,28,0,7,1,8,Regular / Moderate-Value Customers
7301,32,2n Cycle,Single,23616.0,79,6,76,0,3,0,3,Low-Value / Low-Engagement Customers
10882,38,Graduation,Married,53858.0,915,13,50,0,4,3,6,High-Value & Highly Engaged Customers
7030,59,PhD,Married,66465.0,1485,32,1,1,11,9,12,High-Value & Highly Engaged Customers
7422,27,Graduation,Single,46923.0,369,13,90,0,5,1,7,Low-Value / Low-Engagement Customers
3523,52,Graduation,Together,75072.0,1073,17,83,0,5,4,8,High-Value & Highly Engaged Customers
7106,71,PhD,Married,75865.0,1242,18,73,0,3,5,10,High-Value & Highly Engaged Customers
6504,39,2n Cycle,Together,19789.0,78,6,24,1,2,1,3,Low-Value / Low-Engagement Customers
5067,20,Graduation,Together,80134.0,1378,20,11,4,2,7,11,High-Value & Highly Engaged Customers
4216,33,Graduation,Single,91065.0,1474,25,33,2,7,9,9,High-Value & Highly Engaged Customers
8581,43,Master,Married,49505.0,751,20,4,0,10,2,8,Regular / Moderate-Value Customers
5929,41,PhD,Married,37401.0,48,5,14,0,2,0,3,Low-Value / Low-Engagement Customers
3129,31,Graduation,Married,30096.0,45,5,30,0,2,0,3,Low-Value / Low-Engagement Customers
6528,32,Master,Together,18492.0,10,3,75,0,1,0,2,Low-Value / Low-Engagement Customers
1361,40,Master,Married,82584.0,1435,15,26,2,3,4,8,High-Value & Highly Engaged Customers
6932,73,PhD,Married,93027.0,2119,22,77,1,7,10,5,High-Value & Highly Engaged Customers
7284,61,Graduation,Married,48686.0,20,3,8,0,1,0,2,Regular / Moderate-Value Customers
1340,28,Graduation,Married,92910.0,1795,26,42,3,6,7,13,High-Value & Highly Engaged Customers
8746,25,Graduation,Married,75433.0,1188,17,28,2,2,5,10,High-Value & Highly Engaged Customers
5987,25,2n Cycle,Together,10404.0,43,5,52,0,1,0,4,Low-Value / Low-Engagement Customers
3767,46,Graduation,Married,61314.0,1008,22,1,0,5,5,12,High-Value & Highly Engaged Customers
3725,53,PhD,Single,84865.0,1688,15,1,4,2,4,9,High-Value & Highly Engaged Customers
4324,25,Graduation,Married,42387.0,684,16,42,0,8,1,7,Regular / Moderate-Value Customers
238,47,2n Cycle,Together,67309.0,1082,24,76,0,9,6,9,Regular / Moderate-Value Customers
6694,50,Graduation,Married,75236.0,1068,24,27,0,8,3,13,High-Value & Highly Engaged Customers
498,44,Graduation,Single,30015.0,57,5,28,0,1,0,4,Regular / Moderate-Value Customers
9347,58,Master,Together,50943.0,46,4,49,0,1,0,3,Regular / Moderate-Value Customers
9699,48,Graduation,Divorced,67272.0,733,20,12,0,6,2,12,High-Value & Highly Engaged Customers
10664,65,Master,Widow,51529.0,467,15,14,0,9,1,5,Regular / Moderate-Value Customers
5455,43,PhD,Married,32011.0,122,7,89,0,2,1,4,Regular / Moderate-Value Customers
456,28,2n Cycle,Married,7500.0,36,5,96,0,2,0,3,Low-Value / Low-Engagement Customers
5012,25,Graduation,Married,28691.0,34,4,56,0,1,0,3,Low-Value / Low-Engagement Customers
7495,66,PhD,Married,56223.0,156,8,72,0,2,1,5,Regular / Moderate-Value Customers
5029,68,Graduation,Married,18100.0,14,3,14,0,0,0,3,Low-Value / Low-Engagement Customers
10642,25,Graduation,Single,30279.0,37,4,13,0,1,0,3,Low-Value / Low-Engagement Customers
2106,40,2n Cycle,Married,20130.0,34,4,99,0,1,0,3,Low-Value / Low-Engagement Customers
10364,55,Graduation,Divorced,23295.0,20,3,72,0,1,0,2,Low-Value / Low-Engagement Customers
5954,42,Master,Divorced,42618.0,192,9,92,0,5,0,4,Low-Value / Low-Engagement Customers
1137,50,Graduation,Single,81246.0,1379,16,87,2,4,5,7,High-Value & Highly Engaged Customers
2541,38,Graduation,Married,24027.0,48,5,7,0,2,0,3,Low-Value / Low-Engagement Customers
1142,61,PhD,Married,55707.0,428,14,91,0,3,2,9,Regular / Moderate-Value Customers
2276,59,Graduation,Single,57959.0,868,22,71,0,4,7,11,High-Value & Highly Engaged Customers
2807,45,Graduation,Married,56796.0,1001,24,24,0,8,9,7,High-Value & Highly Engaged Customers
6471,43,Master,Single,36230.0,59,6,17,0,2,0,4,Low-Value / Low-Engagement Customers
6131,34,2n Cycle,Married,70829.0,431,14,87,0,4,2,8,Regular / Moderate-Value Customers
6233,38,Graduation,Married,65991.0,971,24,21,0,9,5,10,High-Value & Highly Engaged Customers
4148,42,Graduation,Married,38988.0,348,12,90,0,5,1,6,Regular / Moderate-Value Customers
4947,48,2n Cycle,Single,89572.0,2059,23,44,2,7,7,9,High-Value & Highly Engaged Customers
3225,30,Master,Married,42207.0,265,10,71,1,4,1,5,Regular / Moderate-Value Customers
7540,62,Graduation,Married,50300.0,270,11,52,0,2,1,8,Regular / Moderate-Value Customers
10648,32,2n Cycle,Together,66664.0,1289,18,78,0,5,7,6,High-Value & Highly Engaged Customers
1992,50,Graduation,Married,60597.0,893,12,2,1,2,2,8,Regular / Moderate-Value Customers
7851,65,Graduation,Widow,70165.0,926,21,60,0,3,7,11,High-Value & Highly Engaged Customers
8594,56,PhD,Widow,50520.0,135,7,25,0,3,1,3,Regular / Moderate-Value Customers
7059,51,Graduation,Married,80124.0,1495,18,47,1,3,7,8,High-Value & Highly Engaged Customers
2815,39,Graduation,Married,33183.0,120,7,46,0,4,0,3,Low-Value / Low-Engagement Customers
2416,45,PhD,Single,66582.0,1288,19,83,0,2,8,9,High-Value & Highly Engaged Customers
7999,59,PhD,Together,75261.0,1743,16,17,2,5,6,5,High-Value & Highly Engaged Customers
9213,44,Graduation,Widow,31880.0,15,3,13,0,1,0,2,Low-Value / Low-Engagement Customers
9697,63,Graduation,Married,53790.0,542,17,86,0,7,2,8,Regular / Moderate-Value Customers
3916,43,PhD,Together,49269.0,890,22,92,0,7,3,12,Regular / Moderate-Value Customers
2021,39,Graduation,Married,61456.0,1388,29,47,0,6,10,13,High-Value & Highly Engaged Customers
1581,34,Graduation,Married,37406.0,17,3,18,0,1,0,2,Low-Value / Low-Engagement Customers
564,33,PhD,Together,56937.0,906,23,81,1,8,6,9,Regular / Moderate-Value Customers
6619,36,Graduation,Married,38415.0,44,4,91,0,1,0,3,Regular / Moderate-Value Customers
9081,26,Graduation,Single,20518.0,25,4,58,0,1,1,2,Low-Value / Low-Engagement Customers
178,58,Graduation,Married,62503.0,973,22,40,0,8,3,11,High-Value & Highly Engaged Customers
916,42,PhD,Single,41644.0,31,4,67,0,1,0,3,Regular / Moderate-Value Customers
5512,37,Master,Married,55842.0,518,16,19,0,7,1,8,Regular / Moderate-Value Customers
8970,42,PhD,Married,62010.0,530,15,93,0,6,2,7,Regular / Moderate-Value Customers
10581,37,Graduation,Married,41124.0,506,14,41,0,7,3,4,Regular / Moderate-Value Customers
5300,41,Master,Married,38961.0,70,5,60,0,2,1,2,Low-Value / Low-Engagement Customers
5154,42,Master,Divorced,37760.0,54,5,54,0,2,0,3,Low-Value / Low-Engagement Customers
8346,40,Graduation,Single,32233.0,296,10,26,1,6,2,2,Regular / Moderate-Value Customers
1676,39,Graduation,Married,43057.0,266,11,30,0,4,2,5,Regular / Moderate-Value Customers
9286,54,Master,Together,83151.0,747,18,93,0,5,9,4,High-Value & Highly Engaged Customers
2426,50,PhD,Divorced,78825.0,895,28,35,0,5,10,13,High-Value & Highly Engaged Customers
5172,38,Master,Together,65104.0,1053,15,4,0,3,5,7,Regular / Moderate-Value Customers
5562,40,Graduation,Married,60093.0,735,19,92,0,7,2,10,Regular / Moderate-Value Customers
3436,45,Graduation,Married,14045.0,20,4,24,0,1,0,3,Regular / Moderate-Value Customers
3921,62,2n Cycle,Widow,28457.0,205,9,96,0,4,1,4,Low-Value / Low-Engagement Customers
3403,56,PhD,Together,78952.0,2092,19,11,0,2,5,12,High-Value & Highly Engaged Customers
22,38,Graduation,Divorced,46310.0,309,12,99,0,6,1,5,Regular / Moderate-Value Customers
10965,59,Graduation,Together,76005.0,1722,21,72,1,3,5,13,High-Value & Highly Engaged Customers
9426,50,Master,Single,58308.0,900,11,77,0,2,6,3,Regular / Moderate-Value Customers
6605,70,PhD,Divorced,55614.0,682,19,85,1,9,4,6,High-Value & Highly Engaged Customers
3136,52,Master,Divorced,59432.0,663,19,88,0,5,3,11,High-Value & Highly Engaged Customers
8737,36,Graduation,Divorced,55563.0,43,5,22,0,2,0,3,Regular / Moderate-Value Customers
11088,43,PhD,Together,78642.0,1816,17,83,0,4,9,4,High-Value & Highly Engaged Customers
716,65,PhD,Together,67911.0,976,24,63,0,6,7,11,High-Value & Highly Engaged Customers
466,70,Graduation,Married,65275.0,746,20,9,0,4,3,13,High-Value & Highly Engaged Customers
9135,64,Graduation,Together,27203.0,64,4,92,0,1,1,2,Regular / Moderate-Value Customers
10623,53,Master,Together,48330.0,32,4,2,0,1,0,3,Regular / Moderate-Value Customers
8151,24,Basic,Married,24279.0,263,8,6,0,4,1,3,Low-Value / Low-Engagement Customers
5140,29,PhD,Married,64355.0,1445,19,66,0,4,3,12,Regular / Moderate-Value Customers
10160,58,Master,Together,50943.0,46,4,49,0,1,0,3,Regular / Moderate-Value Customers
4945,61,Graduation,Widow,53653.0,1210,26,29,0,10,4,12,High-Value & Highly Engaged Customers
10584,38,Graduation,Married,65665.0,945,23,77,0,5,10,8,High-Value & Highly Engaged Customers
6071,25,Graduation,Single,81217.0,1157,21,77,0,3,7,11,High-Value & Highly Engaged Customers
3386,22,Graduation,Married,34935.0,137,7,71,0,2,1,4,Low-Value / Low-Engagement Customers
8939,55,Graduation,Divorced,61250.0,730,19,49,0,5,2,12,Regular / Moderate-Value Customers
9925,33,PhD,Together,39665.0,216,9,97,1,4,2,3,Regular / Moderate-Value Customers
4320,35,Graduation,Single,60152.0,943,22,6,0,6,4,12,High-Value & Highly Engaged Customers
5389,50,Graduation,Married,48920.0,347,13,93,1,6,2,5,Regular / Moderate-Value Customers
6036,55,Master,Together,89120.0,1924,18,78,1,5,6,7,High-Value & Highly Engaged Customers
182,68,PhD,Together,44124.0,397,13,62,0,6,2,5,Regular / Moderate-Value Customers
203,39,Master,Single,81169.0,2089,21,47,0,5,7,9,High-Value & Highly Engaged Customers
11025,53,Graduation,Married,36443.0,138,7,9,0,3,1,3,Regular / Moderate-Value Customers
10203,24,Graduation,Single,26095.0,42,4,77,0,1,0,3,Low-Value / Low-Engagement Customers
4607,55,Graduation,Together,71367.0,777,16,24,0,4,5,7,High-Value & Highly Engaged Customers
3711,70,Master,Married,80184.0,1902,19,19,2,6,3,10,High-Value & Highly Engaged Customers
3696,49,Graduation,Divorced,30630.0,52,5,67,0,2,0,3,Regular / Moderate-Value Customers
2532,27,Master,Single,73454.0,1651,12,95,1,2,4,6,High-Value & Highly Engaged Customers
9214,23,Graduation,Married,42691.0,358,12,48,0,5,1,6,Low-Value / Low-Engagement Customers
4943,61,Graduation,Married,70503.0,1727,15,73,2,2,4,9,High-Value & Highly Engaged Customers
35,27,Graduation,Married,25545.0,210,7,35,0,2,2,3,Low-Value / Low-Engagement Customers
2258,28,Graduation,Married,32880.0,42,4,76,0,1,0,3,Low-Value / Low-Engagement Customers
4322,56,PhD,Together,77863.0,1291,19,20,0,4,5,10,High-Value & Highly Engaged Customers
713,37,Master,Married,50353.0,442,14,72,0,4,4,6,High-Value & Highly Engaged Customers
4702,50,Graduation,Single,61839.0,1895,16,20,0,4,8,4,High-Value & Highly Engaged Customers
3281,54,PhD,Married,49154.0,411,13,69,0,4,1,8,Regular / Moderate-Value Customers
702,39,2n Cycle,Widow,47682.0,521,15,80,0,4,3,8,Low-Value / Low-Engagement Customers
2004,45,Graduation,Single,72679.0,1168,16,65,0,4,7,5,High-Value & Highly Engaged Customers
4769,37,Master,Together,57954.0,493,16,52,1,8,2,6,Regular / Moderate-Value Customers
4437,52,Graduation,Married,65316.0,260,10,65,0,3,2,5,Regular / Moderate-Value Customers
8724,32,Graduation,Single,28567.0,46,5,57,0,2,0,3,Low-Value / Low-Engagement Customers
10741,63,Master,Together,47352.0,319,12,70,0,6,1,5,Regular / Moderate-Value Customers
1991,47,Graduation,Together,44931.0,96,6,0,0,2,1,3,Regular / Moderate-Value Customers
6931,47,Graduation,Divorced,76982.0,1062,15,19,1,8,3,4,High-Value & Highly Engaged Customers
11096,62,2n Cycle,Together,57247.0,232,10,50,0,2,1,7,Regular / Moderate-Value Customers
304,33,Master,Single,22944.0,76,6,67,0,3,0,3,Low-Value / Low-Engagement Customers
3665,37,2n Cycle,Together,25315.0,54,6,46,0,3,0,3,Low-Value / Low-Engagement Customers
10591,45,Graduation,Widow,43638.0,201,9,37,0,4,1,4,Regular / Moderate-Value Customers
5036,30,PhD,Single,42710.0,406,12,38,0,4,5,3,Regular / Moderate-Value Customers
5547,32,PhD,Married,84169.0,1919,19,9,2,7,6,6,High-Value & Highly Engaged Customers
7822,38,Graduation,Together,54058.0,662,18,56,0,4,6,8,High-Value & Highly Engaged Customers
8541,24,2n Cycle,Married,24683.0,41,6,98,0,2,0,4,Low-Value / Low-Engagement Customers
10955,50,Graduation,Widow,85620.0,1600,13,68,0,3,6,4,High-Value & Highly Engaged Customers
4368,34,Graduation,Married,47850.0,134,7,72,0,3,0,4,Low-Value / Low-Engagement Customers
9671,46,Graduation,Married,19514.0,69,6,47,1,3,1,2,Low-Value / Low-Engagement Customers
2256,41,Master,Married,27159.0,21,4,33,0,1,0,3,Regular / Moderate-Value Customers
4279,51,2n Cycle,Single,39548.0,54,5,87,0,1,1,3,Low-Value / Low-Engagement Customers
5371,25,Graduation,Single,21474.0,91,6,0,1,3,1,2,Low-Value / Low-Engagement Customers
9240,43,PhD,Single,60504.0,526,16,73,0,6,2,8,Regular / Moderate-Value Customers
9460,51,Graduation,Married,22419.0,162,7,74,0,3,2,2,Low-Value / Low-Engagement Customers
9504,65,Master,Married,81698.0,1008,24,4,0,3,8,13,High-Value & Highly Engaged Customers
8692,62,Graduation,Together,43462.0,240,10,50,0,4,1,5,Regular / Moderate-Value Customers
448,36,PhD,Single,54880.0,795,19,57,0,6,2,11,High-Value & Highly Engaged Customers
8314,32,Graduation,Married,79908.0,1772,18,30,1,5,6,7,High-Value & Highly Engaged Customers
8420,44,2n Cycle,Married,15315.0,64,6,27,0,2,0,4,Low-Value / Low-Engagement Customers
3174,55,Graduation,Together,87771.0,1957,19,61,4,5,10,4,High-Value & Highly Engaged Customers
7685,36,Graduation,Married,33039.0,78,6,4,0,2,0,4,Low-Value / Low-Engagement Customers
3179,34,Graduation,Single,81741.0,1572,19,75,0,6,6,7,High-Value & Highly Engaged Customers
9780,43,Master,Together,71499.0,795,24,12,0,8,3,13,High-Value & Highly Engaged Customers
10681,44,2n Cycle,Married,62466.0,889,21,13,0,6,3,12,High-Value & Highly Engaged Customers
10232,51,PhD,Divorced,48799.0,331,12,9,0,3,2,7,Regular / Moderate-Value Customers
4184,64,PhD,Together,52157.0,265,10,48,0,3,2,5,Regular / Moderate-Value Customers
9120,52,Graduation,Single,66565.0,1065,15,80,0,4,2,9,Regular / Moderate-Value Customers
891,63,Master,Together,29298.0,11,3,60,0,1,0,2,Regular / Moderate-Value Customers
10381,35,Graduation,Single,47691.0,21,3,43,0,1,0,2,Regular / Moderate-Value Customers
3525,44,Graduation,Together,38200.0,17,3,19,0,1,0,2,Regular / Moderate-Value Customers
6818,40,Graduation,Married,44989.0,369,11,26,0,5,1,5,Low-Value / Low-Engagement Customers
3526,46,PhD,Married,38443.0,38,4,58,0,1,0,3,Regular / Moderate-Value Customers
8181,36,2n Cycle,Single,38593.0,177,8,42,0,4,1,3,Low-Value / Low-Engagement Customers
1029,44,PhD,Together,64413.0,279,11,27,0,5,1,5,Regular / Moderate-Value Customers
7369,33,Master,Married,36959.0,62,5,56,0,2,0,3,Low-Value / Low-Engagement Customers
2574,37,PhD,Married,61996.0,1230,18,27,3,6,4,8,High-Value & Highly Engaged Customers
8159,46,Graduation,Married,51287.0,182,8,10,0,4,1,3,Regular / Moderate-Value Customers
1160,44,Graduation,Married,13260.0,49,6,48,0,3,0,3,Low-Value / Low-Engagement Customers
10242,48,PhD,Together,47472.0,75,6,39,0,2,0,4,Regular / Moderate-Value Customers
5253,58,Master,Together,54603.0,227,10,85,0,4,2,4,Regular / Moderate-Value Customers
5966,40,PhD,Married,45207.0,215,10,64,1,3,1,6,Regular / Moderate-Value Customers
5314,63,Graduation,Together,40689.0,444,13,69,0,7,1,5,Regular / Moderate-Value Customers
5081,47,2n Cycle,Together,47821.0,47,4,54,0,1,0,3,Low-Value / Low-Engagement Customers
5123,63,Master,Married,27450.0,143,6,57,0,2,1,3,Low-Value / Low-Engagement Customers
5756,31,Graduation,Together,39453.0,55,5,64,0,2,0,3,Regular / Moderate-Value Customers
8036,43,2n Cycle,Together,26850.0,63,7,10,0,2,1,4,Regular / Moderate-Value Customers
9058,59,Graduation,Widow,79800.0,1867,21,65,3,5,11,5,High-Value & Highly Engaged Customers
5057,53,Master,Married,61794.0,611,18,74,0,4,4,10,High-Value & Highly Engaged Customers
254,59,Graduation,Together,53863.0,473,15,4,1,7,1,7,Regular / Moderate-Value Customers
4179,55,Graduation,Together,24221.0,55,5,94,0,1,1,3,Low-Value / Low-Engagement Customers
3710,30,PhD,Single,39684.0,81,5,41,0,2,1,2,Low-Value / Low-Engagement Customers
7627,39,Master,Married,92163.0,2086,21,25,2,5,11,5,High-Value & Highly Engaged Customers
4501,49,Master,Single,69882.0,1478,19,94,0,3,7,9,High-Value & Highly Engaged Customers
6424,37,Graduation,Together,33178.0,49,4,9,0,1,0,3,Low-Value / Low-Engagement Customers
3075,42,PhD,Married,59973.0,382,14,47,0,3,4,7,High-Value & Highly Engaged Customers
4992,39,Master,Together,17459.0,69,6,12,0,3,1,2,Low-Value / Low-Engagement Customers
5252,45,Graduation,Divorced,23910.0,67,5,80,0,2,0,3,Low-Value / Low-Engagement Customers
7444,45,Master,Married,42169.0,30,4,20,0,1,0,3,Regular / Moderate-Value Customers
6919,36,2n Cycle,Married,26224.0,63,6,39,0,2,1,3,Low-Value / Low-Engagement Customers
3537,33,Graduation,Together,31089.0,79,7,57,0,3,0,4,Low-Value / Low-Engagement Customers
10277,53,Graduation,Single,30081.0,42,4,27,0,1,0,3,Regular / Moderate-Value Customers
2453,54,Graduation,Together,62807.0,819,20,83,0,5,3,12,Regular / Moderate-Value Customers
7972,59,Graduation,Single,72906.0,1151,16,79,0,3,4,9,High-Value & Highly Engaged Customers
895,66,PhD,Married,61467.0,594,17,69,0,5,2,10,Regular / Moderate-Value Customers
1177,48,Master,Together,49618.0,129,7,77,0,3,1,3,Regular / Moderate-Value Customers
7141,28,Master,Single,21888.0,213,8,15,0,5,1,2,Low-Value / Low-Engagement Customers
7232,41,Graduation,Widow,42429.0,67,5,99,0,1,1,3,Regular / Moderate-Value Customers
8477,58,Graduation,Divorced,26150.0,28,4,61,0,1,0,3,Low-Value / Low-Engagement Customers
2457,39,Basic,Married,30801.0,45,4,23,0,1,0,3,Low-Value / Low-Engagement Customers
988,49,Graduation,Married,81168.0,1193,17,84,1,6,4,7,High-Value & Highly Engaged Customers
7930,45,Master,Single,26877.0,268,10,74,0,3,1,6,Low-Value / Low-Engagement Customers
4587,70,Master,Widow,45006.0,266,11,90,0,3,1,7,Regular / Moderate-Value Customers
6682,41,Basic,Married,18978.0,37,4,41,0,1,0,3,Low-Value / Low-Engagement Customers
6222,47,Graduation,Married,22574.0,37,5,28,0,2,0,3,Regular / Moderate-Value Customers
10299,45,PhD,Single,48240.0,882,22,73,0,6,3,13,High-Value & Highly Engaged Customers
3083,40,Graduation,Married,45837.0,373,13,88,0,6,2,5,Regular / Moderate-Value Customers
8953,49,Master,Single,35791.0,35,4,94,0,1,0,3,Regular / Moderate-Value Customers
1503,38,PhD,Together,162397.0,107,1,31,0,0,0,1,Regular / Moderate-Value Customers
8650,36,Graduation,Widow,54162.0,42,4,31,0,1,0,3,Low-Value / Low-Engagement Customers
10862,54,Master,Married,30522.0,326,12,6,0,1,2,9,Regular / Moderate-Value Customers
2782,53,PhD,Married,54456.0,404,14,23,0,6,1,7,Regular / Moderate-Value Customers
6941,43,Graduation,Single,31632.0,95,5,92,0,2,1,2,Low-Value / Low-Engagement Customers
10972,65,Graduation,Widow,72298.0,939,13,52,2,4,3,6,High-Value & Highly Engaged Customers
10708,36,2n Cycle,Single,36975.0,33,4,50,0,1,0,3,Low-Value / Low-Engagement Customers
6583,59,2n Cycle,Married,72635.0,981,20,54,1,6,8,6,High-Value & Highly Engaged Customers
3641,38,Graduation,Married,13624.0,36,5,93,0,2,0,3,Low-Value / Low-Engagement Customers
10156,39,Graduation,Single,84196.0,1237,19,56,0,8,4,7,High-Value & Highly Engaged Customers
4299,54,Graduation,Together,70971.0,1825,27,28,0,11,11,5,High-Value & Highly Engaged Customers
3469,37,PhD,Divorced,34487.0,103,6,94,0,3,0,3,Low-Value / Low-Engagement Customers
5063,37,Graduation,Single,28769.0,191,9,76,0,4,1,4,Low-Value / Low-Engagement Customers
10727,44,PhD,Married,69084.0,1586,23,43,0,7,3,13,High-Value & Highly Engaged Customers
9624,56,PhD,Together,65488.0,963,13,46,0,3,4,6,High-Value & Highly Engaged Customers
5156,44,2n Cycle,Married,62466.0,889,21,13,0,6,3,12,High-Value & Highly Engaged Customers
4376,54,2n Cycle,Single,32218.0,93,6,27,1,2,1,3,Low-Value / Low-Engagement Customers
8923,41,Graduation,Single,83917.0,1587,20,12,0,6,7,7,High-Value & Highly Engaged Customers
8461,52,Graduation,Divorced,46102.0,16,3,3,0,1,0,2,Regular / Moderate-Value Customers
6945,62,Graduation,Single,84574.0,1375,31,72,0,9,11,11,High-Value & Highly Engaged Customers
944,52,Graduation,Married,56181.0,393,13,6,0,4,2,7,Low-Value / Low-Engagement Customers
1907,64,Master,Divorced,63120.0,1477,21,53,0,8,4,9,High-Value & Highly Engaged Customers
701,43,Graduation,Married,73691.0,1179,16,58,1,6,2,8,High-Value & Highly Engaged Customers
3856,54,Graduation,Together,63381.0,1005,22,78,0,4,5,13,High-Value & Highly Engaged Customers
4149,66,PhD,Together,76140.0,1348,20,57,0,5,9,6,High-Value & Highly Engaged Customers
2131,55,PhD,Divorced,62859.0,1307,19,37,0,9,4,6,Regular / Moderate-Value Customers
2942,50,Graduation,Single,45906.0,486,13,20,1,5,4,4,Regular / Moderate-Value Customers
1173,67,Master,Together,77632.0,2252,12,73,2,4,2,6,High-Value & Highly Engaged Customers
4381,43,PhD,Married,46463.0,235,10,56,0,3,1,6,Regular / Moderate-Value Customers
4611,44,Graduation,Together,105471.0,1724,30,36,2,9,8,13,High-Value & Highly Engaged Customers
3376,44,Master,Divorced,55282.0,235,10,9,0,3,1,6,Regular / Moderate-Value Customers
4679,37,Master,Married,78710.0,1092,25,42,0,7,6,12,High-Value & Highly Engaged Customers
10928,56,Graduation,Together,66886.0,599,15,28,0,7,1,7,Regular / Moderate-Value Customers
4248,54,Master,Single,98777.0,2008,19,23,1,4,6,9,High-Value & Highly Engaged Customers
6728,29,Graduation,Together,29103.0,48,4,38,0,1,0,3,Low-Value / Low-Engagement Customers
6661,40,Graduation,Married,67445.0,1174,27,63,0,9,6,12,High-Value & Highly Engaged Customers
4725,64,PhD,Together,50616.0,67,6,71,0,1,1,4,Regular / Moderate-Value Customers
3277,59,Graduation,Divorced,49431.0,365,13,9,0,7,1,5,Regular / Moderate-Value Customers
5555,39,Graduation,Divorced,153924.0,6,0,81,0,0,0,0,Low-Value / Low-Engagement Customers
2564,61,Graduation,Together,61278.0,165,8,87,0,3,1,4,Regular / Moderate-Value Customers
946,56,2n Cycle,Together,26490.0,210,9,92,0,3,1,5,Low-Value / Low-Engagement Customers
3867,67,PhD,Together,73059.0,1095,25,36,0,9,3,13,High-Value & Highly Engaged Customers
6940,48,PhD,Single,46734.0,223,8,86,1,3,2,3,Regular / Moderate-Value Customers
55,51,Graduation,Together,56253.0,597,18,83,0,7,2,9,Regular / Moderate-Value Customers
7093,29,Graduation,Married,19986.0,22,3,74,0,0,0,3,Low-Value / Low-Engagement Customers
5084,39,Graduation,Widow,58330.0,1064,23,87,0,6,4,13,High-Value & Highly Engaged Customers
1777,34,Basic,Married,25965.0,74,5,29,0,2,0,3,Low-Value / Low-Engagement Customers
8162,58,Master,Together,14661.0,26,4,88,0,1,0,3,Low-Value / Low-Engagement Customers
10826,55,Graduation,Married,18690.0,60,4,77,0,1,1,2,Low-Value / Low-Engagement Customers
8754,40,PhD,Together,45068.0,20,3,25,0,1,0,2,Regular / Moderate-Value Customers
1987,27,Basic,Single,21063.0,59,5,34,0,2,0,3,Low-Value / Low-Engagement Customers
11007,46,PhD,Married,29187.0,34,4,43,0,1,0,3,Regular / Moderate-Value Customers
7426,43,2n Cycle,Married,54690.0,198,9,76,0,3,1,5,Regular / Moderate-Value Customers
9153,50,PhD,Married,59304.0,1048,25,81,0,7,8,10,High-Value & Highly Engaged Customers
10379,52,Master,Single,59247.0,574,16,87,0,5,2,9,Regular / Moderate-Value Customers
9204,44,Graduation,Widow,66731.0,1029,13,33,0,4,3,6,High-Value & Highly Engaged Customers
3197,34,Graduation,Married,77353.0,670,18,38,0,6,4,8,High-Value & Highly Engaged Customers
2920,39,PhD,Single,52614.0,990,14,63,0,2,4,8,Regular / Moderate-Value Customers
6961,40,Graduation,Married,26751.0,11,3,26,0,1,0,2,Low-Value / Low-Engagement Customers
4673,51,PhD,Married,81300.0,1241,18,17,1,10,3,5,High-Value & Highly Engaged Customers
9937,35,Graduation,Single,70337.0,576,16,75,0,2,2,12,High-Value & Highly Engaged Customers
8779,29,2n Cycle,Married,36145.0,172,8,13,1,4,1,3,Low-Value / Low-Engagement Customers
9596,34,PhD,Single,65295.0,664,19,19,0,3,3,13,High-Value & Highly Engaged Customers
2891,51,Graduation,Divorced,68118.0,928,21,51,0,8,9,4,Regular / Moderate-Value Customers
4910,47,Graduation,Divorced,68743.0,2074,29,81,0,11,5,13,High-Value & Highly Engaged Customers
75,32,2n Cycle,Together,41039.0,467,14,32,0,8,1,5,Low-Value / Low-Engagement Customers
10120,59,Graduation,Together,38946.0,257,10,84,0,3,1,6,Regular / Moderate-Value Customers
6327,47,Graduation,Together,65777.0,1146,16,87,0,2,8,6,High-Value & Highly Engaged Customers
10142,38,PhD,Divorced,66476.0,689,18,99,0,5,2,11,Regular / Moderate-Value Customers
9826,42,PhD,Single,86857.0,2114,21,96,0,5,6,10,High-Value & Highly Engaged Customers
1501,32,PhD,Married,160803.0,1717,29,21,0,0,28,1,High-Value & Highly Engaged Customers
10767,25,PhD,Together,77845.0,1346,20,40,2,3,5,12,High-Value & Highly Engaged Customers
7279,45,PhD,Together,69476.0,1044,14,3,0,4,6,4,High-Value & Highly Engaged Customers
7230,54,PhD,Divorced,50611.0,493,16,98,1,4,5,7,Regular / Moderate-Value Customers
143,44,Graduation,Single,61209.0,957,12,73,0,5,3,4,High-Value & Highly Engaged Customers
450,56,Master,Together,42315.0,270,9,90,0,1,4,4,Low-Value / Low-Engagement Customers
9316,62,Basic,Together,13084.0,29,4,29,0,1,0,3,Low-Value / Low-Engagement Customers
6379,65,Master,Widow,47570.0,121,6,3,0,2,2,2,Regular / Moderate-Value Customers
9239,53,Master,Married,61923.0,126,7,94,0,2,1,4,Regular / Moderate-Value Customers
8315,19,Graduation,Single,34824.0,23,3,65,0,1,0,2,Low-Value / Low-Engagement Customers
2868,65,PhD,Single,26518.0,57,5,33,0,2,0,3,Regular / Moderate-Value Customers
10888,53,Graduation,Single,45938.0,636,18,46,0,8,4,6,High-Value & Highly Engaged Customers
1277,54,Graduation,Together,78468.0,1004,27,29,1,10,7,10,High-Value & Highly Engaged Customers
9977,41,Graduation,Divorced,78901.0,734,17,99,0,9,3,5,High-Value & Highly Engaged Customers
10196,36,Graduation,Married,71427.0,614,18,26,0,8,2,8,Regular / Moderate-Value Customers
6384,36,Graduation,Divorced,71022.0,1453,18,30,1,5,2,11,High-Value & Highly Engaged Customers
8029,26,Master,Single,90247.0,1621,14,27,3,3,4,7,High-Value & Highly Engaged Customers
968,46,Master,Divorced,41335.0,187,9,24,0,4,1,4,Regular / Moderate-Value Customers
6988,28,Graduation,Married,71952.0,1443,20,93,2,8,4,8,High-Value & Highly Engaged Customers
4472,44,PhD,Divorced,35682.0,57,5,34,0,1,1,3,Low-Value / Low-Engagement Customers
6991,63,Graduation,Divorced,43185.0,637,18,88,0,9,3,6,Regular / Moderate-Value Customers
3336,66,PhD,Together,66375.0,948,11,96,1,2,4,5,Regular / Moderate-Value Customers
4301,43,Master,Married,35178.0,59,4,10,1,1,1,2,Regular / Moderate-Value Customers
1940,28,Graduation,Married,25252.0,18,3,26,0,1,0,2,Low-Value / Low-Engagement Customers
1272,49,Master,Single,55250.0,903,22,49,0,7,5,10,Regular / Moderate-Value Customers
1388,39,Graduation,Single,33249.0,112,6,11,0,2,1,3,Low-Value / Low-Engagement Customers
1044,61,Graduation,Together,58398.0,596,17,44,0,5,4,8,High-Value & Highly Engaged Customers
6969,32,Graduation,Together,50272.0,233,10,75,0,4,1,5,Regular / Moderate-Value Customers
10479,39,PhD,Married,76618.0,1511,10,64,0,3,2,5,High-Value & Highly Engaged Customers
3619,54,2n Cycle,Divorced,87305.0,1152,16,19,1,5,3,8,High-Value & Highly Engaged Customers
1715,36,Graduation,Together,25851.0,48,5,45,0,2,0,3,Low-Value / Low-Engagement Customers
10159,44,Graduation,Divorced,58710.0,1185,25,77,0,11,5,9,High-Value & Highly Engaged Customers
1463,56,Graduation,Single,45160.0,21,3,9,0,1,0,2,Regular / Moderate-Value Customers
5114,49,Master,Married,74806.0,965,14,1,0,5,4,5,Regular / Moderate-Value Customers
4990,60,Graduation,Married,59111.0,869,20,90,0,11,1,8,High-Value & Highly Engaged Customers
4329,30,PhD,Married,18988.0,16,4,43,0,1,0,3,Low-Value / Low-Engagement Customers
10936,49,Graduation,Married,72190.0,1947,15,79,0,5,6,4,High-Value & Highly Engaged Customers
4692,38,Graduation,Married,7500.0,71,7,19,1,4,1,2,Low-Value / Low-Engagement Customers
7212,48,Graduation,Married,44794.0,65,5,99,0,2,0,3,Regular / Moderate-Value Customers
6086,59,Graduation,Married,80395.0,1380,23,62,1,6,5,12,High-Value & Highly Engaged Customers
437,38,Master,Divorced,75012.0,1027,22,41,0,3,8,11,High-Value & Highly Engaged Customers
11171,49,Master,Married,56962.0,411,14,60,0,6,3,5,Regular / Moderate-Value Customers
11101,23,Graduation,Together,89891.0,836,25,17,1,11,6,8,High-Value & Highly Engaged Customers
5329,65,PhD,Divorced,35946.0,11,3,24,0,0,0,3,Regular / Moderate-Value Customers
610,61,PhD,Together,53593.0,480,15,60,0,7,2,6,Regular / Moderate-Value Customers
9384,36,Graduation,Married,66373.0,606,16,57,0,4,2,10,Regular / Moderate-Value Customers
5956,66,PhD,Divorced,45072.0,284,11,74,0,6,1,4,Regular / Moderate-Value Customers
10430,41,Graduation,Divorced,89694.0,1472,11,22,3,4,3,4,High-Value & Highly Engaged Customers
7875,65,Graduation,Married,72025.0,1677,25,46,3,4,8,13,High-Value & Highly Engaged Customers
7072,41,Graduation,Married,67432.0,1335,17,69,0,8,5,4,High-Value & Highly Engaged Customers
6255,62,Master,Together,70545.0,334,12,29,0,4,1,7,Regular / Moderate-Value Customers
6516,25,Basic,Married,17487.0,18,3,37,0,1,0,2,Low-Value / Low-Engagement Customers
5564,45,Graduation,Together,62882.0,1338,18,26,0,7,5,6,High-Value & Highly Engaged Customers
5682,61,PhD,Single,64108.0,1099,26,8,0,6,9,11,Regular / Moderate-Value Customers
7458,58,Master,Together,34941.0,97,6,26,0,3,0,3,Regular / Moderate-Value Customers
5237,64,PhD,Single,48767.0,63,6,79,0,2,1,3,Regular / Moderate-Value Customers
7761,36,2n Cycle,Together,38702.0,109,7,71,0,3,0,4,Low-Value / Low-Engagement Customers
5278,50,Graduation,Married,82224.0,902,20,83,1,6,9,5,High-Value & Highly Engaged Customers
3560,62,Graduation,Together,83844.0,1574,19,57,1,4,4,11,High-Value & Highly Engaged Customers
7235,39,2n Cycle,Married,17003.0,38,6,37,0,2,0,4,Low-Value / Low-Engagement Customers
10548,19,Graduation,Single,71163.0,960,23,30,0,3,8,12,High-Value & Highly Engaged Customers
2281,44,Graduation,Single,33697.0,28,3,34,1,1,0,2,Low-Value / Low-Engagement Customers
4073,60,2n Cycle,Married,63564.0,1215,27,0,1,10,10,7,High-Value & Highly Engaged Customers
6974,42,PhD,Together,83443.0,1497,21,89,0,6,10,5,High-Value & Highly Engaged Customers
7938,56,PhD,Together,51518.0,449,15,92,0,3,2,10,Regular / Moderate-Value Customers
7094,39,Graduation,Widow,58330.0,1064,23,87,0,6,4,13,High-Value & Highly Engaged Customers
3667,45,Graduation,Married,80952.0,1757,24,20,3,8,5,11,High-Value & Highly Engaged Customers
7723,35,Graduation,Together,75507.0,1440,20,56,0,8,6,6,High-Value & Highly Engaged Customers
3870,36,2n Cycle,Together,63855.0,1006,23,28,0,7,3,13,High-Value & Highly Engaged Customers
4012,42,PhD,Together,62220.0,1226,18,55,0,7,6,5,High-Value & Highly Engaged Customers
5909,50,Graduation,Married,58512.0,1171,15,25,0,3,4,8,Regular / Moderate-Value Customers
10470,35,Master,Married,40662.0,92,6,0,0,2,1,3,Regular / Moderate-Value Customers
6488,55,PhD,Married,38829.0,99,7,86,0,3,2,2,Regular / Moderate-Value Customers
10270,33,2n Cycle,Married,35523.0,66,6,8,0,3,0,3,Low-Value / Low-Engagement Customers
6887,47,Graduation,Single,79146.0,564,17,33,0,8,1,8,Regular / Moderate-Value Customers
6406,26,Master,Married,78285.0,1427,20,13,0,6,4,10,High-Value & Highly Engaged Customers
7573,36,PhD,Single,31626.0,86,5,12,1,2,1,2,Regular / Moderate-Value Customers
4508,62,Graduation,Single,75127.0,833,18,92,0,2,11,5,High-Value & Highly Engaged Customers
221,59,Graduation,Married,48726.0,242,9,90,0,3,2,4,Regular / Moderate-Value Customers
5331,37,Graduation,Married,74985.0,1869,16,8,0,3,6,7,High-Value & Highly Engaged Customers
1911,27,Graduation,Together,67430.0,1364,28,6,0,11,5,12,High-Value & Highly Engaged Customers
20,49,2n Cycle,Married,46891.0,183,7,91,0,2,1,4,Low-Value / Low-Engagement Customers
8786,58,Master,Married,62058.0,450,14,52,0,6,1,7,Regular / Moderate-Value Customers
10582,35,Graduation,Married,72063.0,758,19,3,0,5,2,12,High-Value & Highly Engaged Customers
1915,63,PhD,Married,78939.0,1507,19,57,0,8,5,6,High-Value & Highly Engaged Customers
8897,49,Graduation,Single,42720.0,654,17,9,0,7,3,7,Regular / Moderate-Value Customers
2371,42,Graduation,Married,33622.0,81,6,22,0,2,0,4,Regular / Moderate-Value Customers
4303,57,PhD,Together,6835.0,137,1,76,0,0,0,1,Regular / Moderate-Value Customers
6825,61,Graduation,Together,41452.0,16,3,86,0,1,0,2,Regular / Moderate-Value Customers
1072,49,PhD,Single,40760.0,93,6,64,0,2,1,3,Regular / Moderate-Value Customers
4964,56,PhD,Together,74250.0,1158,17,90,0,2,11,4,High-Value & Highly Engaged Customers
2461,59,Master,Single,51124.0,43,4,79,0,1,0,3,Regular / Moderate-Value Customers
10736,43,Graduation,Single,72258.0,1525,20,28,0,6,9,5,High-Value & Highly Engaged Customers
3194,40,PhD,Single,71466.0,1230,18,86,0,4,4,10,High-Value & Highly Engaged Customers
10839,38,Graduation,Together,36283.0,29,4,42,0,1,0,3,Low-Value / Low-Engagement Customers
49,44,Graduation,Single,20587.0,25,4,39,0,1,1,2,Low-Value / Low-Engagement Customers
4290,42,Graduation,Married,30467.0,24,3,8,0,1,0,2,Low-Value / Low-Engagement Customers
10219,42,Graduation,Together,31590.0,38,4,40,0,1,0,3,Low-Value / Low-Engagement Customers
4211,28,Basic,Married,20425.0,57,5,5,0,2,0,3,Low-Value / Low-Engagement Customers
1135,54,Master,Together,17144.0,47,7,96,0,3,0,4,Regular / Moderate-Value Customers
6299,46,PhD,Divorced,42564.0,813,18,28,1,6,8,4,Regular / Moderate-Value Customers
10846,36,Master,Married,43783.0,629,16,22,1,7,1,8,Regular / Moderate-Value Customers
347,38,Graduation,Divorced,40780.0,377,13,30,0,7,1,5,Regular / Moderate-Value Customers
6543,69,Master,Together,62847.0,1612,13,45,0,3,6,4,High-Value & Highly Engaged Customers
10446,57,PhD,Married,82017.0,729,16,58,3,5,4,7,High-Value & Highly Engaged Customers
3479,64,Graduation,Single,16813.0,50,5,49,1,2,0,3,Low-Value / Low-Engagement Customers
11075,36,Graduation,Married,51267.0,270,11,37,0,3,3,5,Regular / Moderate-Value Customers
4442,53,Graduation,Single,46524.0,177,7,70,0,1,1,5,Low-Value / Low-Engagement Customers
199,52,Master,Single,45183.0,315,12,33,1,4,1,7,Regular / Moderate-Value Customers
6722,60,PhD,Married,70421.0,767,20,98,0,10,3,7,Regular / Moderate-Value Customers
796,49,2n Cycle,Divorced,60161.0,1071,23,17,0,11,4,8,High-Value & Highly Engaged Customers
3749,41,Graduation,Together,73926.0,1580,23,54,0,6,5,12,High-Value & Highly Engaged Customers
8523,46,Graduation,Married,19329.0,60,7,39,0,4,0,3,Low-Value / Low-Engagement Customers
310,44,Master,Married,61872.0,573,17,81,0,4,4,9,Regular / Moderate-Value Customers
8629,58,Graduation,Widow,46984.0,41,4,71,0,1,0,3,Regular / Moderate-Value Customers
236,63,Graduation,Married,34838.0,170,7,62,0,2,1,4,Low-Value / Low-Engagement Customers
9930,70,PhD,Single,82716.0,1167,27,8,0,6,8,13,High-Value & Highly Engaged Customers
3483,56,Graduation,Married,48192.0,1526,22,76,3,2,8,12,High-Value & Highly Engaged Customers
4599,38,Master,Married,49681.0,458,15,66,0,7,1,7,Regular / Moderate-Value Customers
7326,43,Master,Married,56850.0,63,5,83,0,1,1,3,Regular / Moderate-Value Customers
7352,57,Graduation,Married,55267.0,405,13,28,0,3,4,6,Regular / Moderate-Value Customers
2350,42,Graduation,Married,59666.0,1027,13,87,1,3,2,8,Regular / Moderate-Value Customers
9145,42,Graduation,Single,72504.0,1478,20,43,0,5,9,6,High-Value & Highly Engaged Customers
2964,33,Graduation,Married,26872.0,72,4,0,0,1,1,2,Low-Value / Low-Engagement Customers
5585,42,Graduation,Single,21359.0,48,5,1,0,2,0,3,Low-Value / Low-Engagement Customers
9687,39,Graduation,Single,73170.0,726,15,1,0,5,4,6,High-Value & Highly Engaged Customers
3732,59,Master,Married,52750.0,860,21,72,0,5,7,9,High-Value & Highly Engaged Customers
6303,28,PhD,Together,91820.0,1497,22,72,0,5,5,12,High-Value & Highly Engaged Customers
11176,44,PhD,Together,65968.0,495,16,12,0,5,4,7,Regular / Moderate-Value Customers
2986,38,Graduation,Married,30772.0,20,3,89,0,1,0,2,Low-Value / Low-Engagement Customers
7462,60,Graduation,Single,22507.0,570,16,67,0,10,2,4,Low-Value / Low-Engagement Customers
3900,42,Graduation,Married,65685.0,769,20,54,0,9,2,9,Regular / Moderate-Value Customers
7034,36,2n Cycle,Married,25804.0,55,5,34,0,2,0,3,Low-Value / Low-Engagement Customers
9493,34,PhD,Single,76412.0,1808,17,15,2,5,4,8,High-Value & Highly Engaged Customers
1143,42,Graduation,Married,22063.0,55,5,43,0,2,0,3,Low-Value / Low-Engagement Customers
1,53,Graduation,Single,57091.0,577,17,0,1,7,3,7,High-Value & Highly Engaged Customers
3855,51,Graduation,Married,22419.0,162,7,74,0,3,2,2,Low-Value / Low-Engagement Customers
5536,55,Graduation,Together,87771.0,1957,19,61,4,5,10,4,High-Value & Highly Engaged Customers
5989,55,2n Cycle,Divorced,78353.0,1576,23,51,0,10,2,11,High-Value & Highly Engaged Customers
9499,60,Graduation,Married,93404.0,1616,14,97,2,3,4,7,Regular / Moderate-Value Customers
6768,52,Graduation,Divorced,37859.0,36,4,75,0,1,0,3,Regular / Moderate-Value Customers
2150,56,PhD,Widow,80995.0,1482,21,83,0,8,9,4,High-Value & Highly Engaged Customers
6646,30,Graduation,Together,16529.0,22,4,23,0,1,0,3,Low-Value / Low-Engagement Customers
4887,38,PhD,Divorced,55412.0,63,5,65,0,2,0,3,Low-Value / Low-Engagement Customers
8560,22,Graduation,Single,48789.0,680,17,94,0,6,4,7,High-Value & Highly Engaged Customers
3321,47,PhD,Together,56575.0,542,17,42,0,7,3,7,Regular / Moderate-Value Customers
11003,34,2n Cycle,Together,25130.0,50,5,10,0,2,0,3,Low-Value / Low-Engagement Customers
10402,47,Graduation,Married,35441.0,39,4,94,0,1,0,3,Regular / Moderate-Value Customers
9904,58,Graduation,Married,71391.0,1043,23,50,0,6,5,12,High-Value & Highly Engaged Customers
6141,42,Master,Single,49494.0,385,12,46,0,6,1,5,Regular / Moderate-Value Customers
5687,34,Graduation,Divorced,81702.0,1633,26,98,0,7,7,12,High-Value & Highly Engaged Customers
10856,34,2n Cycle,Single,45889.0,46,4,42,0,1,0,3,Regular / Moderate-Value Customers
5121,37,Graduation,Single,56628.0,761,18,30,1,7,6,5,Regular / Moderate-Value Customers
4186,64,Graduation,Together,34026.0,76,6,11,0,2,1,3,Low-Value / Low-Engagement Customers
368,40,Graduation,Married,40049.0,290,11,61,0,3,2,6,Low-Value / Low-Engagement Customers
3312,26,Graduation,Single,34176.0,89,7,12,0,3,0,4,Low-Value / Low-Engagement Customers
11121,33,Graduation,Married,19419.0,70,7,76,0,4,0,3,Low-Value / Low-Engagement Customers
5332,54,2n Cycle,Married,82504.0,1066,16,2,0,3,6,7,High-Value & Highly Engaged Customers
5848,44,Graduation,Together,81205.0,2009,18,43,3,5,6,7,High-Value & Highly Engaged Customers
10343,23,2n Cycle,Single,61618.0,1345,17,27,0,3,6,8,High-Value & Highly Engaged Customers
5935,58,Master,Single,55284.0,764,20,60,0,7,5,8,Regular / Moderate-Value Customers
2895,51,Graduation,Single,49980.0,195,9,79,0,3,1,5,Regular / Moderate-Value Customers
10262,34,Graduation,Married,15072.0,53,7,96,0,3,1,3,Low-Value / Low-Engagement Customers
7848,40,Graduation,Single,49166.0,368,11,17,0,5,3,3,Regular / Moderate-Value Customers
9477,60,PhD,Married,65324.0,544,17,0,0,6,2,9,Regular / Moderate-Value Customers
4856,57,2n Cycle,Married,82347.0,1853,24,38,2,7,7,10,High-Value & Highly Engaged Customers
7186,48,PhD,Together,30843.0,35,4,43,1,1,1,2,Regular / Moderate-Value Customers
5794,40,PhD,Married,46374.0,446,15,1,2,7,1,7,Regular / Moderate-Value Customers
1456,35,Graduation,Single,60474.0,1180,24,25,0,10,2,12,High-Value & Highly Engaged Customers
4877,41,Master,Married,38576.0,41,4,2,0,1,0,3,Regular / Moderate-Value Customers
425,29,Graduation,Married,55357.0,727,19,66,0,6,2,11,Regular / Moderate-Value Customers
3007,48,Graduation,Together,37758.0,40,4,49,0,1,0,3,Regular / Moderate-Value Customers
1031,25,2n Cycle,Married,85710.0,1062,25,5,1,6,9,10,High-Value & Highly Engaged Customers
4297,45,Graduation,Together,23228.0,40,5,71,0,2,0,3,Low-Value / Low-Engagement Customers
807,45,Master,Together,44602.0,292,11,35,0,6,1,4,Regular / Moderate-Value Customers
9553,27,Graduation,Married,7500.0,15,3,94,0,0,0,3,Low-Value / Low-Engagement Customers
4271,25,2n Cycle,Together,38683.0,341,11,80,0,4,1,6,Low-Value / Low-Engagement Customers
4120,39,2n Cycle,Single,49514.0,369,11,61,0,6,1,4,Low-Value / Low-Engagement Customers
2036,41,PhD,Together,57906.0,401,14,29,0,4,2,8,Regular / Moderate-Value Customers
115,48,Master,Single,43456.0,393,14,0,0,5,1,8,Regular / Moderate-Value Customers
4259,28,Master,Single,19485.0,10,3,80,0,1,0,2,Regular / Moderate-Value Customers
8687,36,Graduation,Together,53172.0,486,13,54,0,2,3,8,Low-Value / Low-Engagement Customers
2447,35,Graduation,Together,30545.0,69,5,71,0,2,0,3,Low-Value / Low-Engagement Customers
10140,31,PhD,Together,70123.0,1727,16,27,2,5,7,4,High-Value & Highly Engaged Customers
9353,55,Graduation,Single,62450.0,995,14,61,1,5,5,4,High-Value & Highly Engaged Customers
3623,38,Graduation,Together,21675.0,45,7,55,0,4,0,3,Low-Value / Low-Engagement Customers
738,33,2n Cycle,Single,42395.0,182,8,35,0,3,1,4,Low-Value / Low-Engagement Customers
7631,36,Master,Together,61346.0,989,22,34,0,5,7,10,High-Value & Highly Engaged Customers
4789,61,Graduation,Together,80812.0,1677,17,95,3,4,8,5,High-Value & Highly Engaged Customers
773,43,Master,Divorced,42835.0,595,16,64,0,6,6,4,Regular / Moderate-Value Customers
10602,31,Graduation,Married,39922.0,156,7,30,0,3,0,4,Low-Value / Low-Engagement Customers
1446,58,Master,Single,86424.0,1226,27,12,0,6,9,12,High-Value & Highly Engaged Customers
3270,36,2n Cycle,Together,17117.0,128,7,96,0,3,1,3,Low-Value / Low-Engagement Customers
8443,42,Graduation,Single,24762.0,86,6,16,1,3,1,2,Low-Value / Low-Engagement Customers
9653,39,Graduation,Married,35797.0,68,5,16,0,2,0,3,Low-Value / Low-Engagement Customers
8916,39,Graduation,Divorced,36627.0,16,3,78,0,0,0,3,Regular / Moderate-Value Customers
8017,33,2n Cycle,Married,51111.0,55,5,83,0,2,0,3,Regular / Moderate-Value Customers
5830,42,PhD,Single,86857.0,2114,21,96,0,5,6,10,High-Value & Highly Engaged Customers
4597,44,PhD,Together,82072.0,2018,18,67,0,3,2,13,High-Value & Highly Engaged Customers
7023,61,PhD,Single,46231.0,263,11,87,0,6,1,4,Regular / Moderate-Value Customers
8086,55,Graduation,Married,42243.0,55,5,34,0,2,0,3,Regular / Moderate-Value Customers
8825,52,Graduation,Together,51195.0,564,16,46,0,9,2,5,Regular / Moderate-Value Customers
2930,36,Master,Single,68092.0,1281,18,7,0,2,6,10,High-Value & Highly Engaged Customers
1928,41,Graduation,Married,31814.0,83,5,73,1,2,0,3,Low-Value / Low-Engagement Customers
7108,49,Master,Widow,51390.0,353,12,54,0,5,2,5,Regular / Moderate-Value Customers
10925,31,Graduation,Married,76630.0,1003,24,93,0,3,10,11,High-Value & Highly Engaged Customers
9960,23,Basic,Single,26868.0,14,3,52,0,1,0,2,Low-Value / Low-Engagement Customers
8800,71,PhD,Divorced,48948.0,902,22,53,1,7,10,5,High-Value & Highly Engaged Customers
9224,42,PhD,Single,55260.0,1139,23,81,0,8,10,5,Regular / Moderate-Value Customers
5519,58,Graduation,Together,64090.0,797,19,8,0,6,9,4,High-Value & Highly Engaged Customers
5046,56,Graduation,Divorced,78331.0,1638,23,97,0,10,6,7,High-Value & Highly Engaged Customers
7037,40,PhD,Married,37087.0,401,14,50,0,4,2,8,Regular / Moderate-Value Customers
905,28,Graduation,Divorced,21846.0,84,7,38,0,4,0,3,Low-Value / Low-Engagement Customers
8624,56,Graduation,Married,81320.0,928,17,61,0,4,3,10,High-Value & Highly Engaged Customers
8945,44,Graduation,Divorced,54137.0,203,9,46,0,4,1,4,Regular / Moderate-Value Customers
6445,47,Graduation,Together,66825.0,858,15,73,0,4,5,6,High-Value & Highly Engaged Customers
2727,41,Graduation,Together,57100.0,409,12,19,0,3,3,6,High-Value & Highly Engaged Customers
6404,45,Graduation,Together,58917.0,282,11,10,0,4,1,6,Regular / Moderate-Value Customers
11074,37,Graduation,Single,85072.0,1423,17,94,0,3,4,10,High-Value & Highly Engaged Customers
10150,53,Graduation,Single,86429.0,1449,18,10,1,7,4,7,High-Value & Highly Engaged Customers
1968,43,Graduation,Widow,45684.0,28,3,37,0,1,0,2,Low-Value / Low-Engagement Customers
6534,40,Graduation,Together,47889.0,67,5,94,0,2,0,3,Regular / Moderate-Value Customers
9485,28,PhD,Married,45921.0,199,9,23,0,2,1,6,Low-Value / Low-Engagement Customers
7053,48,PhD,Single,78420.0,1453,21,75,0,3,10,8,High-Value & Highly Engaged Customers
4654,22,Graduation,Together,75114.0,1253,18,40,0,3,10,5,High-Value & Highly Engaged Customers
9760,51,PhD,Widow,52278.0,1198,25,24,0,10,5,10,Regular / Moderate-Value Customers
1048,42,Master,Married,35641.0,178,8,11,0,3,1,4,Regular / Moderate-Value Customers
10619,20,Graduation,Single,95529.0,1990,17,29,1,7,3,7,High-Value & Highly Engaged Customers
9308,60,Graduation,Married,62820.0,976,13,51,0,3,4,6,High-Value & Highly Engaged Customers
10505,54,Master,Together,73113.0,1001,14,86,0,3,4,7,High-Value & Highly Engaged Customers
8362,32,PhD,Married,84169.0,1919,19,9,2,7,6,6,High-Value & Highly Engaged Customers
2625,60,2n Cycle,Single,42607.0,350,12,30,0,3,2,7,Regular / Moderate-Value Customers
4637,60,PhD,Single,74637.0,1650,24,73,1,6,9,9,High-Value & Highly Engaged Customers
9972,59,PhD,Together,46015.0,46,4,25,2,1,0,3,Regular / Moderate-Value Customers
4483,21,Graduation,Single,72354.0,1228,18,67,0,2,10,6,High-Value & Highly Engaged Customers
4487,45,Master,Single,39858.0,95,6,67,0,2,0,4,Low-Value / Low-Engagement Customers
4988,66,PhD,Married,34469.0,62,6,58,0,1,1,4,Regular / Moderate-Value Customers
8931,28,Graduation,Together,83033.0,1761,25,82,1,11,4,10,High-Value & Highly Engaged Customers
5871,35,Master,Together,24401.0,467,13,98,0,6,1,6,Low-Value / Low-Engagement Customers
2008,36,Graduation,Married,77583.0,1149,18,93,1,4,5,9,High-Value & Highly Engaged Customers
3139,32,2n Cycle,Single,74116.0,2052,18,53,1,4,4,10,High-Value & Highly Engaged Customers
10037,21,Graduation,Single,74293.0,1127,15,66,0,5,4,6,High-Value & Highly Engaged Customers
10673,38,PhD,Married,68397.0,1416,20,6,0,6,9,5,High-Value & Highly Engaged Customers
5303,40,PhD,Together,79632.0,1113,19,42,0,6,4,9,High-Value & Highly Engaged Customers
538,25,Graduation,Single,46107.0,125,6,78,0,1,1,4,Low-Value / Low-Engagement Customers
7922,63,PhD,Single,64950.0,966,23,29,1,11,2,10,Regular / Moderate-Value Customers
5692,25,Basic,Married,25443.0,32,4,82,0,1,0,3,Low-Value / Low-Engagement Customers
4843,62,Graduation,Single,75127.0,833,18,92,0,2,11,5,High-Value & Highly Engaged Customers
6383,43,PhD,Together,32892.0,46,6,78,0,3,0,3,Regular / Moderate-Value Customers
1628,43,Graduation,Together,71796.0,960,16,54,0,9,3,4,High-Value & Highly Engaged Customers
1204,44,PhD,Married,67536.0,1829,27,45,1,11,5,11,High-Value & Highly Engaged Customers
3673,43,Graduation,Single,55239.0,779,23,59,0,7,5,11,High-Value & Highly Engaged Customers
760,39,PhD,Divorced,60554.0,811,21,8,0,8,4,9,Regular / Moderate-Value Customers
8957,62,2n Cycle,Single,64831.0,1120,14,51,0,6,3,5,Regular / Moderate-Value Customers
4128,52,PhD,Together,56067.0,725,18,51,0,7,4,7,Regular / Moderate-Value Customers
6810,31,Graduation,Divorced,82025.0,1187,11,76,1,3,2,6,High-Value & Highly Engaged Customers
5386,61,Graduation,Together,94384.0,2302,18,62,3,5,8,5,High-Value & Highly Engaged Customers
8700,28,Basic,Single,14906.0,66,6,86,0,2,1,3,Low-Value / Low-Engagement Customers
3202,27,PhD,Married,51563.0,1250,18,60,2,4,4,10,High-Value & Highly Engaged Customers
1328,32,2n Cycle,Married,57937.0,683,17,56,0,4,4,9,Regular / Moderate-Value Customers
8405,35,Graduation,Divorced,68274.0,305,11,83,0,4,2,5,Regular / Moderate-Value Customers
6515,37,Graduation,Together,39771.0,50,5,92,0,2,0,3,Low-Value / Low-Engagement Customers
2882,39,2n Cycle,Divorced,67893.0,995,14,31,0,3,2,9,Regular / Moderate-Value Customers
7574,35,PhD,Together,27922.0,41,5,80,0,2,0,3,Low-Value / Low-Engagement Customers
6387,38,PhD,Together,52190.0,77,6,39,1,2,1,3,Regular / Moderate-Value Customers
5320,41,Master,Divorced,44051.0,171,8,20,0,3,1,4,Regular / Moderate-Value Customers
5048,43,PhD,Single,42767.0,131,6,53,0,3,1,2,Low-Value / Low-Engagement Customers
8146,38,Master,Together,46106.0,54,4,84,0,1,1,2,Regular / Moderate-Value Customers
10031,38,PhD,Married,16927.0,53,7,50,0,3,0,4,Regular / Moderate-Value Customers
5748,49,Graduation,Married,59754.0,475,13,96,0,5,2,6,Low-Value / Low-Engagement Customers
2134,62,Graduation,Single,53700.0,694,18,94,0,5,5,8,Regular / Moderate-Value Customers
1523,41,Graduation,Married,59041.0,96,6,25,0,2,0,4,Regular / Moderate-Value Customers
9665,57,PhD,Divorced,54237.0,361,12,48,0,5,2,5,Regular / Moderate-Value Customers
4640,47,Graduation,Divorced,70647.0,1079,24,65,0,4,7,13,High-Value & Highly Engaged Customers
3635,52,PhD,Single,52597.0,578,17,69,0,6,3,8,Regular / Moderate-Value Customers
3547,45,Master,Together,41021.0,64,5,12,0,2,0,3,Low-Value / Low-Engagement Customers
2456,39,PhD,Married,40233.0,149,8,84,0,2,1,5,Regular / Moderate-Value Customers
5633,34,Graduation,Married,50183.0,231,10,47,0,3,1,6,Regular / Moderate-Value Customers
7801,55,Graduation,Together,54753.0,728,18,87,0,5,2,11,High-Value & Highly Engaged Customers
10489,41,Graduation,Married,92955.0,1778,22,35,2,6,7,9,High-Value & Highly Engaged Customers
7011,41,Graduation,Married,33471.0,93,7,47,0,3,0,4,Regular / Moderate-Value Customers
2620,40,PhD,Married,34596.0,23,3,48,0,1,0,2,Regular / Moderate-Value Customers
3933,34,Graduation,Together,44010.0,662,18,46,0,10,2,6,Low-Value / Low-Engagement Customers
10981,26,Graduation,Married,84219.0,1198,17,27,0,3,4,10,High-Value & Highly Engaged Customers
1734,46,PhD,Together,40706.0,81,7,37,0,3,0,4,Regular / Moderate-Value Customers
10995,26,2n Cycle,Married,15716.0,92,7,8,0,3,0,4,Low-Value / Low-Engagement Customers
6357,55,2n Cycle,Divorced,59052.0,491,15,29,0,7,1,7,Regular / Moderate-Value Customers
9209,43,Master,Together,80573.0,1564,23,85,0,4,6,13,High-Value & Highly Engaged Customers
10286,52,Graduation,Married,83715.0,926,23,2,0,2,8,13,High-Value & Highly Engaged Customers
2611,55,Master,Together,82576.0,1910,18,66,1,2,4,12,High-Value & Highly Engaged Customers
1600,49,Master,Married,56962.0,411,14,60,0,6,3,5,Regular / Moderate-Value Customers
3308,62,Graduation,Married,35704.0,94,6,54,0,2,0,4,Low-Value / Low-Engagement Customers
5407,60,Graduation,Together,53103.0,1085,23,70,1,10,6,7,Regular / Moderate-Value Customers
2166,54,2n Cycle,Widow,46779.0,23,3,55,0,0,1,2,Regular / Moderate-Value Customers
3955,49,Graduation,Divorced,4861.0,6,0,20,0,0,0,0,Low-Value / Low-Engagement Customers
6634,35,Master,Divorced,33462.0,54,5,78,0,2,0,3,Low-Value / Low-Engagement Customers
3056,36,Graduation,Divorced,63693.0,1150,26,63,0,11,6,9,High-Value & Highly Engaged Customers
5718,64,Graduation,Married,80763.0,1415,22,17,2,5,11,6,High-Value & Highly Engaged Customers
6872,40,PhD,Married,65352.0,405,14,43,0,4,2,8,Regular / Moderate-Value Customers
8164,36,PhD,Married,82170.0,1908,18,13,0,5,6,7,High-Value & Highly Engaged Customers
4580,45,Graduation,Married,75759.0,2486,25,46,3,9,7,9,High-Value & Highly Engaged Customers
9305,38,2n Cycle,Single,79689.0,1315,26,65,0,4,9,13,High-Value & Highly Engaged Customers
453,58,PhD,Widow,35340.0,45,5,1,0,2,0,3,Regular / Moderate-Value Customers
8545,60,Graduation,Divorced,85683.0,1789,16,6,4,2,4,10,High-Value & Highly Engaged Customers
9850,42,2n Cycle,Married,24884.0,19,3,32,0,0,0,3,Low-Value / Low-Engagement Customers
7378,33,Master,Together,42021.0,573,17,34,1,10,1,6,Regular / Moderate-Value Customers
7646,25,Graduation,Single,64449.0,805,20,70,0,5,3,12,High-Value & Highly Engaged Customers
1640,60,Graduation,Divorced,64587.0,108,6,49,0,1,1,4,Regular / Moderate-Value Customers
5184,19,Graduation,Single,34824.0,23,3,65,0,1,0,2,Low-Value / Low-Engagement Customers
8492,36,Graduation,Together,75437.0,1493,22,25,1,8,4,10,High-Value & Highly Engaged Customers
11188,57,Graduation,Together,26091.0,89,6,84,0,2,1,3,Low-Value / Low-Engagement Customers
1212,41,Graduation,Married,52845.0,936,22,7,1,8,8,6,High-Value & Highly Engaged Customers
9097,58,Graduation,Divorced,46086.0,343,12,34,0,3,1,8,Regular / Moderate-Value Customers
10473,58,PhD,Widow,78028.0,528,19,38,2,6,4,9,High-Value & Highly Engaged Customers
7962,27,PhD,Single,95169.0,1901,11,1,2,4,3,4,High-Value & Highly Engaged Customers
9984,33,2n Cycle,Married,56337.0,724,17,25,2,8,5,4,Regular / Moderate-Value Customers
5527,27,Graduation,Together,22434.0,58,5,25,0,2,0,3,Low-Value / Low-Engagement Customers
6374,60,PhD,Married,36930.0,297,11,50,0,5,2,4,Regular / Moderate-Value Customers
7453,60,Graduation,Single,36130.0,488,15,46,1,3,8,4,Low-Value / Low-Engagement Customers
8952,61,Master,Married,65569.0,859,21,96,0,6,5,10,High-Value & Highly Engaged Customers
241,62,Graduation,Together,83844.0,1574,19,57,1,4,4,11,High-Value & Highly Engaged Customers
8975,46,Graduation,Married,19514.0,69,6,47,1,3,1,2,Low-Value / Low-Engagement Customers
6119,51,PhD,Single,36736.0,17,3,52,0,1,0,2,Regular / Moderate-Value Customers
5236,35,Graduation,Together,77568.0,2194,20,30,3,10,2,8,High-Value & Highly Engaged Customers
5723,38,PhD,Together,49187.0,116,7,63,0,1,1,5,Regular / Moderate-Value Customers
1710,36,Graduation,Single,30168.0,279,11,51,0,6,1,4,Regular / Moderate-Value Customers
1970,46,Master,Together,34053.0,103,6,14,0,3,0,3,Regular / Moderate-Value Customers
5313,43,Master,Married,38196.0,44,6,20,0,2,0,4,Regular / Moderate-Value Customers
10634,63,Master,Married,59412.0,406,14,56,0,4,2,8,High-Value & Highly Engaged Customers
7010,49,2n Cycle,Married,70924.0,1363,19,41,1,6,6,7,High-Value & Highly Engaged Customers
8562,45,Graduation,Together,54165.0,236,10,72,0,2,1,7,High-Value & Highly Engaged Customers
3158,41,Graduation,Married,32300.0,39,4,1,0,1,0,3,Low-Value / Low-Engagement Customers
4436,38,Graduation,Single,20180.0,137,7,27,0,2,1,4,Low-Value / Low-Engagement Customers
5287,41,Graduation,Married,34961.0,79,7,77,0,3,1,3,Regular / Moderate-Value Customers
2445,40,PhD,Together,28440.0,63,5,87,0,2,0,3,Regular / Moderate-Value Customers
6059,61,PhD,Together,64504.0,1314,18,81,0,11,3,4,Regular / Moderate-Value Customers
4550,48,Master,Together,33564.0,71,5,51,0,1,1,3,Regular / Moderate-Value Customers
4240,36,Graduation,Married,17345.0,58,5,79,0,2,1,2,Low-Value / Low-Engagement Customers
8911,47,PhD,Married,56320.0,702,18,11,0,5,4,9,High-Value & Highly Engaged Customers
3706,36,Graduation,Single,28647.0,94,6,54,1,2,2,2,Low-Value / Low-Engagement Customers
3628,27,Basic,Single,15038.0,80,5,93,0,2,1,2,Low-Value / Low-Engagement Customers
10175,56,PhD,Divorced,32173.0,22,4,0,0,1,0,3,Regular / Moderate-Value Customers
8985,50,2n Cycle,Together,68316.0,1211,27,54,0,10,7,10,High-Value & Highly Engaged Customers
5204,43,Graduation,Together,74538.0,1461,21,21,1,8,8,5,High-Value & Highly Engaged Customers
9220,43,Graduation,Single,91700.0,1968,19,58,0,8,6,5,High-Value & Highly Engaged Customers
9888,45,Graduation,Together,68695.0,1091,15,3,0,4,4,7,High-Value & Highly Engaged Customers
5263,37,2n Cycle,Married,31056.0,55,4,99,0,1,0,3,Low-Value / Low-Engagement Customers
1020,41,Graduation,Married,79593.0,1366,18,70,1,5,6,7,High-Value & Highly Engaged Customers
9503,34,Graduation,Single,28071.0,313,11,65,0,5,1,5,Low-Value / Low-Engagement Customers
10613,56,PhD,Together,37334.0,62,7,44,0,3,0,4,Regular / Moderate-Value Customers
67,42,Master,Single,46423.0,92,6,6,0,2,0,4,Regular / Moderate-Value Customers
6019,43,PhD,Married,37126.0,72,5,9,1,1,2,2,Regular / Moderate-Value Customers
5863,61,Graduation,Married,47703.0,655,17,95,0,6,3,8,Regular / Moderate-Value Customers
3717,55,Graduation,Married,61180.0,704,16,70,1,5,5,6,Regular / Moderate-Value Customers
6730,60,Graduation,Married,38998.0,54,5,92,0,2,0,3,Regular / Moderate-Value Customers
10749,23,Graduation,Single,8028.0,178,1,62,0,0,1,0,Low-Value / Low-Engagement Customers
4998,52,Graduation,Together,76081.0,1033,13,85,1,4,5,4,High-Value & Highly Engaged Customers
6287,28,Graduation,Together,34728.0,36,4,2,0,1,1,2,Regular / Moderate-Value Customers
5985,49,Master,Single,33168.0,122,7,0,0,2,1,4,Regular / Moderate-Value Customers
4754,48,Master,Married,33585.0,122,6,91,0,2,0,4,Low-Value / Low-Engagement Customers
4002,54,PhD,Married,77037.0,1123,26,3,0,7,7,12,High-Value & Highly Engaged Customers
8870,30,Graduation,Together,35196.0,497,12,68,0,6,1,5,Low-Value / Low-Engagement Customers
966,48,Graduation,Married,44529.0,691,19,98,1,6,2,11,Regular / Moderate-Value Customers
4767,49,2n Cycle,Married,70924.0,1363,19,41,1,6,6,7,High-Value & Highly Engaged Customers
9725,48,PhD,Together,28764.0,12,3,16,1,1,0,2,Regular / Moderate-Value Customers
4475,65,PhD,Married,69098.0,2440,24,82,0,7,8,9,High-Value & Highly Engaged Customers
5740,44,2n Cycle,Divorced,25959.0,56,5,1,0,1,2,2,Low-Value / Low-Engagement Customers
5731,31,Master,Married,27100.0,37,4,64,0,1,0,3,Low-Value / Low-Engagement Customers
7290,29,Graduation,Single,70596.0,968,20,68,0,3,5,12,High-Value & Highly Engaged Customers
3846,40,Graduation,Married,42557.0,270,11,98,0,6,1,4,Regular / Moderate-Value Customers
8104,63,PhD,Married,53312.0,278,11,32,0,5,1,5,Regular / Moderate-Value Customers
4507,62,Graduation,Single,72228.0,1250,21,87,0,6,7,8,High-Value & Highly Engaged Customers
11013,27,Graduation,Together,67605.0,938,16,84,0,2,8,6,High-Value & Highly Engaged Customers
4491,65,Master,Married,62845.0,1178,17,3,1,3,4,10,Regular / Moderate-Value Customers
3759,56,Graduation,Together,65196.0,1155,24,34,1,7,6,11,Regular / Moderate-Value Customers
1162,27,PhD,Single,42000.0,653,18,23,0,5,2,11,High-Value & Highly Engaged Customers
2055,41,PhD,Divorced,35860.0,49,4,37,1,1,1,2,Regular / Moderate-Value Customers
10766,50,PhD,Married,65526.0,506,16,22,0,4,4,8,Regular / Moderate-Value Customers
4415,53,Graduation,Married,16860.0,38,5,19,0,1,1,3,Low-Value / Low-Engagement Customers
3005,22,Graduation,Single,83528.0,1650,22,7,2,4,10,8,High-Value & Highly Engaged Customers
2223,49,2n Cycle,Divorced,64176.0,1826,25,52,0,8,9,8,High-Value & Highly Engaged Customers
4817,58,Graduation,Divorced,22304.0,18,3,91,0,1,0,2,Low-Value / Low-Engagement Customers
2875,36,Graduation,Married,67023.0,906,23,93,0,3,7,13,High-Value & Highly Engaged Customers
10536,43,PhD,Together,32892.0,46,6,78,0,3,0,3,Regular / Moderate-Value Customers
11112,48,Graduation,Together,70713.0,1477,19,23,0,5,6,8,High-Value & Highly Engaged Customers
3807,59,Graduation,Together,59925.0,766,20,83,0,9,2,9,Regular / Moderate-Value Customers
9197,61,Graduation,Married,39722.0,47,5,92,0,2,0,3,Regular / Moderate-Value Customers
10832,56,Graduation,Together,46610.0,467,13,4,0,6,1,6,Regular / Moderate-Value Customers
6421,53,Graduation,Together,88347.0,2116,20,32,1,4,7,9,High-Value & Highly Engaged Customers
4207,33,PhD,Married,87171.0,1298,24,27,2,6,7,11,High-Value & Highly Engaged Customers
577,38,2n Cycle,Together,26907.0,22,4,10,0,1,0,3,Low-Value / Low-Engagement Customers
10855,46,Master,Single,50014.0,396,13,9,0,4,1,8,Regular / Moderate-Value Customers
3081,36,PhD,Married,41014.0,20,3,65,0,1,0,2,Low-Value / Low-Engagement Customers
3535,49,Graduation,Single,66294.0,967,12,68,0,4,3,5,High-Value & Highly Engaged Customers
247,43,Graduation,Married,36715.0,357,13,16,0,7,2,4,Regular / Moderate-Value Customers
8707,58,Graduation,Married,79456.0,1401,15,12,0,5,6,4,High-Value & Highly Engaged Customers
9523,32,Graduation,Together,40479.0,15,3,95,0,0,0,3,Low-Value / Low-Engagement Customers
6072,44,Master,Single,75345.0,2087,19,16,1,5,8,6,High-Value & Highly Engaged Customers
6295,37,Graduation,Married,54233.0,981,22,46,0,11,6,5,Regular / Moderate-Value Customers
10914,44,Graduation,Single,24163.0,17,4,3,0,1,0,3,Low-Value / Low-Engagement Customers
1509,56,PhD,Together,84460.0,523,22,80,4,9,9,4,High-Value & Highly Engaged Customers
5577,31,Graduation,Together,43776.0,23,3,77,0,1,0,2,Low-Value / Low-Engagement Customers
7348,56,PhD,Single,71691.0,1192,16,0,0,4,7,5,High-Value & Highly Engaged Customers
1127,41,PhD,Married,85844.0,1958,19,62,1,6,6,7,High-Value & Highly Engaged Customers
1833,40,PhD,Single,39190.0,133,7,91,0,2,1,4,Regular / Moderate-Value Customers
4944,55,Graduation,Together,71367.0,777,16,24,0,4,5,7,High-Value & Highly Engaged Customers
9080,42,PhD,Single,38578.0,73,6,2,0,3,0,3,Regular / Moderate-Value Customers
6466,49,PhD,Married,57236.0,121,7,22,0,2,1,4,Regular / Moderate-Value Customers
9964,35,Graduation,Single,61825.0,424,14,56,0,4,2,8,Low-Value / Low-Engagement Customers
4790,56,Graduation,Divorced,79803.0,868,12,54,0,4,3,5,High-Value & Highly Engaged Customers
10245,28,2n Cycle,Single,80910.0,756,14,71,0,3,3,8,High-Value & Highly Engaged Customers
1109,32,Master,Together,27590.0,12,3,38,0,1,0,2,Regular / Moderate-Value Customers
6001,35,Graduation,Married,56775.0,937,23,62,0,5,8,10,Regular / Moderate-Value Customers
5538,39,Graduation,Divorced,83829.0,1862,17,78,3,4,7,6,High-Value & Highly Engaged Customers
10552,35,2n Cycle,Married,54210.0,367,12,18,0,4,1,7,Low-Value / Low-Engagement Customers
1545,28,Graduation,Married,38508.0,443,14,95,0,7,2,5,Low-Value / Low-Engagement Customers
7409,44,Graduation,Together,53187.0,267,11,66,0,4,1,6,Regular / Moderate-Value Customers
4444,42,Graduation,Married,30023.0,61,5,28,0,2,0,3,Low-Value / Low-Engagement Customers
146,54,PhD,Single,76045.0,1323,20,78,1,4,5,11,High-Value & Highly Engaged Customers
6271,62,PhD,Married,50870.0,63,5,13,0,2,0,3,Regular / Moderate-Value Customers
10065,44,2n Cycle,Married,15315.0,64,6,27,0,2,0,4,Low-Value / Low-Engagement Customers
4741,40,2n Cycle,Married,65463.0,562,17,17,1,6,2,9,Regular / Moderate-Value Customers
246,49,Graduation,Married,66480.0,312,12,71,0,4,1,7,Regular / Moderate-Value Customers
375,60,Graduation,Divorced,76773.0,1156,15,79,0,2,2,11,High-Value & Highly Engaged Customers
1524,31,2n Cycle,Single,81698.0,1104,15,1,1,8,2,5,High-Value & Highly Engaged Customers
10022,41,PhD,Single,54466.0,16,3,78,0,1,0,2,Regular / Moderate-Value Customers
7451,54,Master,Single,98777.0,2008,19,23,1,4,6,9,High-Value & Highly Engaged Customers
11010,30,PhD,Single,16269.0,44,6,75,0,3,0,3,Low-Value / Low-Engagement Customers
4356,43,Graduation,Together,71819.0,1574,11,70,2,3,3,5,High-Value & Highly Engaged Customers
3885,31,PhD,Married,33569.0,63,4,10,1,1,1,2,Low-Value / Low-Engagement Customers
1175,31,Master,Married,36262.0,426,11,24,1,3,5,3,Low-Value / Low-Engagement Customers
880,48,Basic,Together,22634.0,96,5,47,0,2,1,2,Low-Value / Low-Engagement Customers
2320,36,2n Cycle,Married,47025.0,635,18,98,0,11,1,6,Regular / Moderate-Value Customers
850,46,Graduation,Single,70566.0,757,20,4,0,6,5,9,High-Value & Highly Engaged Customers
4713,35,PhD,Married,31605.0,125,7,15,0,2,1,4,Regular / Moderate-Value Customers
675,41,Master,Divorced,52034.0,332,11,67,0,4,2,5,Regular / Moderate-Value Customers
5025,35,Graduation,Single,48526.0,135,7,32,0,2,1,4,Low-Value / Low-Engagement Customers
2308,60,Graduation,Married,46734.0,330,12,40,0,6,1,5,Regular / Moderate-Value Customers
5995,52,Graduation,Divorced,39552.0,384,13,54,0,6,2,5,Regular / Moderate-Value Customers
6749,48,Graduation,Single,86358.0,1722,14,78,0,5,3,6,Regular / Moderate-Value Customers
1010,37,Graduation,Together,46931.0,78,5,94,0,1,1,3,Regular / Moderate-Value Customers
8977,29,Basic,Single,16581.0,24,3,51,0,0,0,3,Low-Value / Low-Engagement Customers
4756,62,2n Cycle,Divorced,63998.0,1168,24,42,0,7,6,11,High-Value & Highly Engaged Customers
3412,63,Master,Married,67381.0,957,13,67,1,2,2,9,Regular / Moderate-Value Customers
606,47,Graduation,Single,25930.0,15,3,87,0,1,0,2,Low-Value / Low-Engagement Customers
5961,36,Graduation,Married,42693.0,57,4,29,0,1,0,3,Low-Value / Low-Engagement Customers
2975,38,Graduation,Together,85606.0,1956,22,89,1,6,7,9,High-Value & Highly Engaged Customers
2894,29,Graduation,Single,72903.0,2013,20,74,3,7,5,8,High-Value & Highly Engaged Customers
7613,40,2n Cycle,Together,49669.0,326,12,97,0,5,1,6,Regular / Moderate-Value Customers
10542,46,PhD,Married,36778.0,77,6,63,0,3,0,3,Regular / Moderate-Value Customers
8015,52,PhD,Divorced,85696.0,1313,19,88,0,4,6,9,High-Value & Highly Engaged Customers
10617,25,Master,Divorced,10979.0,30,6,34,0,3,0,3,Low-Value / Low-Engagement Customers
11166,53,Graduation,Married,49678.0,315,12,81,0,6,2,4,Regular / Moderate-Value Customers
849,61,Master,Together,56129.0,660,18,65,0,6,2,10,Regular / Moderate-Value Customers
523,25,Graduation,Married,37155.0,74,6,51,0,2,0,4,Low-Value / Low-Engagement Customers
4066,36,2n Cycle,Divorced,21282.0,46,5,76,0,2,1,2,Low-Value / Low-Engagement Customers
8414,52,PhD,Single,33419.0,86,6,76,0,2,0,4,Regular / Moderate-Value Customers
819,69,Graduation,Widow,63285.0,1103,24,84,0,6,5,13,High-Value & Highly Engaged Customers
4961,40,Master,Together,21255.0,61,7,56,0,2,1,4,Regular / Moderate-Value Customers
749,33,Graduation,Together,42162.0,145,7,31,1,3,1,3,Regular / Moderate-Value Customers
5430,58,Graduation,Together,54450.0,684,19,0,0,9,2,8,Regular / Moderate-Value Customers
7755,60,PhD,Married,57744.0,411,14,91,0,9,1,4,Regular / Moderate-Value Customers
10525,28,Graduation,Single,26576.0,27,3,40,1,1,0,2,Low-Value / Low-Engagement Customers
1453,71,PhD,Widow,57513.0,1060,25,59,0,9,3,13,High-Value & Highly Engaged Customers
8310,50,Graduation,Together,68142.0,1459,21,96,0,10,4,7,High-Value & Highly Engaged Customers
10710,35,Graduation,Married,7500.0,18,3,61,0,1,0,2,Low-Value / Low-Engagement Customers
5031,40,Graduation,Together,83145.0,1833,25,14,1,5,9,11,High-Value & Highly Engaged Customers
2613,54,Master,Married,54197.0,237,10,16,0,1,3,6,Regular / Moderate-Value Customers
213,51,PhD,Single,23091.0,48,6,98,0,2,1,3,Regular / Moderate-Value Customers
967,38,Graduation,Married,46049.0,515,16,11,0,5,2,9,Regular / Moderate-Value Customers
1077,40,Graduation,Together,56715.0,1020,14,52,0,7,3,4,High-Value & Highly Engaged Customers
7959,53,Graduation,Married,79410.0,1370,10,19,0,3,2,5,High-Value & Highly Engaged Customers
640,63,Graduation,Married,57304.0,1026,23,61,0,7,6,10,High-Value & Highly Engaged Customers
4252,49,Graduation,Married,44375.0,301,11,73,0,4,1,6,Regular / Moderate-Value Customers
8432,58,Graduation,Together,54450.0,684,19,0,0,9,2,8,Regular / Moderate-Value Customers
6218,49,Graduation,Married,59594.0,499,16,74,1,8,1,7,Regular / Moderate-Value Customers
6905,20,Graduation,Together,80685.0,1004,20,55,0,6,4,10,High-Value & Highly Engaged Customers
5922,40,PhD,Married,40344.0,218,10,48,0,4,1,5,Regular / Moderate-Value Customers
3598,42,Graduation,Married,62710.0,606,18,53,0,4,2,12,Regular / Moderate-Value Customers
6116,46,2n Cycle,Married,48985.0,75,5,13,0,1,1,3,Low-Value / Low-Engagement Customers
6263,46,Graduation,Together,35322.0,106,6,34,0,2,0,4,Low-Value / Low-Engagement Customers
10486,66,Graduation,Married,77142.0,990,16,54,0,4,4,8,High-Value & Highly Engaged Customers
2410,45,Graduation,Single,81657.0,1097,15,69,0,3,4,8,High-Value & Highly Engaged Customers
193,18,Basic,Married,14421.0,16,3,81,1,1,0,2,Low-Value / Low-Engagement Customers
3363,40,2n Cycle,Married,20130.0,34,4,99,0,1,0,3,Low-Value / Low-Engagement Customers
8278,24,PhD,Married,74214.0,1711,15,3,0,8,2,5,High-Value & Highly Engaged Customers
10660,57,Master,Married,66726.0,438,14,61,1,8,2,4,Regular / Moderate-Value Customers
8686,35,Basic,Together,23724.0,75,5,65,0,2,0,3,Low-Value / Low-Engagement Customers
1604,54,Master,Married,47353.0,225,10,93,0,2,2,6,Regular / Moderate-Value Customers
5907,62,Master,Married,33444.0,18,3,24,0,1,0,2,Regular / Moderate-Value Customers
10669,33,Graduation,Married,54386.0,470,15,8,0,3,2,10,Regular / Moderate-Value Customers
2918,33,Graduation,Divorced,28510.0,91,6,72,0,2,0,4,Regular / Moderate-Value Customers
5735,23,Master,Single,90638.0,2525,17,29,1,3,4,10,High-Value & Highly Engaged Customers
359,64,Graduation,Together,48070.0,504,16,33,0,8,2,6,Regular / Moderate-Value Customers
8387,57,Graduation,Married,43140.0,235,10,68,0,4,1,5,Regular / Moderate-Value Customers
1829,53,PhD,Divorced,54959.0,1232,18,55,1,9,5,4,Regular / Moderate-Value Customers
3839,56,Basic,Single,15056.0,88,7,76,0,2,2,3,Low-Value / Low-Engagement Customers
9392,43,Graduation,Single,26954.0,17,3,17,0,1,0,2,Low-Value / Low-Engagement Customers
2292,29,Graduation,Single,22327.0,24,4,94,0,1,0,3,Low-Value / Low-Engagement Customers
10466,49,Graduation,Married,44393.0,60,5,86,0,1,0,4,Regular / Moderate-Value Customers
9855,62,PhD,Single,62000.0,1020,25,25,1,6,6,13,Regular / Moderate-Value Customers
4088,52,PhD,Together,31497.0,155,8,22,0,3,1,4,Regular / Moderate-Value Customers
5231,40,2n Cycle,Married,45894.0,51,4,15,0,1,0,3,Regular / Moderate-Value Customers
590,44,Master,Divorced,78579.0,1812,15,35,0,5,6,4,High-Value & Highly Engaged Customers
8732,45,Master,Widow,67369.0,1461,21,81,2,7,4,10,High-Value & Highly Engaged Customers
2315,54,Graduation,Divorced,58401.0,96,5,55,0,1,2,2,Low-Value / Low-Engagement Customers
3515,62,Graduation,Single,62307.0,160,8,94,0,4,0,4,Regular / Moderate-Value Customers
2245,45,Master,Married,43641.0,139,7,50,0,2,1,4,Regular / Moderate-Value Customers
6283,46,Master,Divorced,63841.0,908,21,64,0,9,3,9,Regular / Moderate-Value Customers
2246,49,2n Cycle,Married,46891.0,183,7,91,0,2,1,4,Low-Value / Low-Engagement Customers
6606,45,Master,Married,70091.0,1161,17,11,1,5,2,10,Regular / Moderate-Value Customers
5545,42,PhD,Married,78075.0,988,13,72,0,3,5,5,High-Value & Highly Engaged Customers
7342,53,2n Cycle,Widow,59184.0,1072,24,6,0,6,6,12,High-Value & Highly Engaged Customers
837,37,Graduation,Married,54809.0,174,8,0,0,2,1,5,Regular / Moderate-Value Customers
9500,55,Graduation,Married,58113.0,758,19,66,0,9,2,8,High-Value & Highly Engaged Customers
3602,56,Master,Married,51412.0,195,9,42,0,3,2,4,Regular / Moderate-Value Customers
234,35,Graduation,Divorced,15287.0,31,4,60,1,1,1,2,Low-Value / Low-Engagement Customers
2995,57,Master,Together,66636.0,1084,16,64,0,3,4,9,High-Value & Highly Engaged Customers
1118,58,Master,Married,50965.0,685,19,87,1,10,4,5,Regular / Moderate-Value Customers
7789,49,PhD,Married,84618.0,1672,25,96,1,6,9,10,High-Value & Highly Engaged Customers
3068,24,Graduation,Married,18351.0,43,5,1,0,2,0,3,Low-Value / Low-Engagement Customers
8955,57,PhD,Together,40451.0,49,4,54,1,1,1,2,Regular / Moderate-Value Customers
945,49,Graduation,Together,36317.0,133,7,53,0,3,0,4,Regular / Moderate-Value Customers
5644,57,Graduation,Together,42213.0,363,13,96,1,5,1,7,Regular / Moderate-Value Customers
7192,59,Graduation,Together,65748.0,545,16,58,0,2,4,10,High-Value & Highly Engaged Customers
2324,42,Graduation,Together,77044.0,1065,29,12,1,7,11,11,High-Value & Highly Engaged Customers
697,45,Graduation,Together,74918.0,2047,20,78,1,5,9,6,High-Value & Highly Engaged Customers
3439,42,Graduation,Married,56721.0,296,10,64,0,4,1,5,Regular / Moderate-Value Customers
1506,39,Graduation,Single,42160.0,140,7,26,0,2,1,4,Regular / Moderate-Value Customers
232,49,Graduation,Single,61559.0,530,16,8,0,4,2,10,Regular / Moderate-Value Customers
8876,51,PhD,Together,33629.0,152,8,49,0,3,1,4,Regular / Moderate-Value Customers
4500,23,PhD,Together,68682.0,1598,23,56,0,4,9,10,High-Value & Highly Engaged Customers
9739,51,Graduation,Single,34377.0,114,6,55,0,2,2,2,Regular / Moderate-Value Customers
10395,28,Basic,Single,8940.0,101,7,25,0,3,1,3,Low-Value / Low-Engagement Customers
1176,41,Graduation,Married,26228.0,25,3,50,0,1,0,2,Low-Value / Low-Engagement Customers
1627,57,2n Cycle,Divorced,77297.0,789,21,84,1,5,7,9,High-Value & Highly Engaged Customers
938,33,Graduation,Married,40211.0,87,5,30,1,2,1,2,Regular / Moderate-Value Customers
2740,56,PhD,Widow,33438.0,90,7,81,0,2,1,4,Regular / Moderate-Value Customers
257,55,PhD,Married,75032.0,1215,18,74,0,5,4,9,High-Value & Highly Engaged Customers
4058,59,PhD,Single,61284.0,811,21,76,1,11,2,8,High-Value & Highly Engaged Customers
7736,28,Graduation,Married,22518.0,61,5,36,1,2,1,2,Low-Value / Low-Engagement Customers
8210,39,Master,Married,54730.0,405,13,64,0,4,1,8,Regular / Moderate-Value Customers
833,59,Master,Married,38452.0,72,6,62,0,3,0,3,Regular / Moderate-Value Customers
6230,43,Graduation,Divorced,44421.0,189,9,53,0,5,0,4,Regular / Moderate-Value Customers
7325,28,PhD,Together,38197.0,40,4,86,0,1,0,3,Regular / Moderate-Value Customers
1307,36,Graduation,Divorced,41986.0,63,7,15,0,3,0,4,Low-Value / Low-Engagement Customers
1502,31,Graduation,Together,28427.0,52,5,67,0,2,0,3,Low-Value / Low-Engagement Customers
6211,38,PhD,Together,37395.0,39,4,47,0,1,0,3,Regular / Moderate-Value Customers
843,43,Graduation,Married,64722.0,805,21,47,0,8,2,11,High-Value & Highly Engaged Customers
4174,58,Master,Together,55249.0,130,7,81,0,2,1,4,Regular / Moderate-Value Customers
9757,42,Graduation,Together,84906.0,1631,23,98,3,5,6,12,High-Value & Highly Engaged Customers
6918,25,Graduation,Married,28691.0,34,4,56,0,1,0,3,Low-Value / Low-Engagement Customers
286,62,Graduation,Single,44213.0,152,8,48,0,2,1,5,Regular / Moderate-Value Customers
11086,30,Basic,Single,25707.0,21,4,18,0,1,0,3,Low-Value / Low-Engagement Customers
1921,47,PhD,Married,59062.0,71,5,74,0,2,0,3,Regular / Moderate-Value Customers
4138,52,Graduation,Single,76624.0,899,22,68,1,5,10,7,High-Value & Highly Engaged Customers
7718,67,Master,Together,66000.0,711,9,36,0,1,3,5,High-Value & Highly Engaged Customers
1291,36,PhD,Together,27683.0,351,12,90,0,6,2,4,Regular / Moderate-Value Customers
6862,43,Graduation,Divorced,1730.0,8,0,65,0,0,0,0,Low-Value / Low-Engagement Customers
4136,22,Basic,Single,7500.0,119,7,63,0,3,2,2,Low-Value / Low-Engagement Customers
803,46,Graduation,Together,40521.0,21,3,82,0,0,1,2,Regular / Moderate-Value Customers
4298,41,PhD,Together,20427.0,10,3,63,0,1,0,2,Regular / Moderate-Value Customers
10833,39,Graduation,Married,65106.0,973,24,55,1,8,3,13,High-Value & Highly Engaged Customers
9606,49,PhD,Married,69969.0,1536,12,64,2,4,2,6,High-Value & Highly Engaged Customers
8534,62,Graduation,Married,67433.0,992,24,51,1,6,5,13,Regular / Moderate-Value Customers
5153,47,PhD,Married,77766.0,1529,32,97,1,11,10,11,High-Value & Highly Engaged Customers
961,42,Graduation,Married,74716.0,860,15,92,0,7,3,5,High-Value & Highly Engaged Customers
5011,51,Graduation,Divorced,68118.0,928,21,51,0,8,9,4,Regular / Moderate-Value Customers
6653,44,PhD,Married,55158.0,418,14,72,0,7,2,5,Regular / Moderate-Value Customers
9094,59,2n Cycle,Married,62972.0,587,14,39,0,7,4,3,Regular / Moderate-Value Customers
810,39,Graduation,Married,74190.0,641,17,49,0,4,2,11,Low-Value / Low-Engagement Customers
5493,38,Graduation,Married,39356.0,23,3,21,1,1,0,2,Regular / Moderate-Value Customers
2147,45,Graduation,Together,76653.0,2279,22,91,2,4,7,11,High-Value & Highly Engaged Customers
5107,41,PhD,Divorced,35860.0,49,4,37,1,1,1,2,Regular / Moderate-Value Customers
3979,31,PhD,Divorced,90687.0,1779,16,98,1,6,2,8,High-Value & Highly Engaged Customers
6049,32,Master,Together,73450.0,1804,26,85,2,7,8,11,High-Value & Highly Engaged Customers
8147,54,Graduation,Married,31454.0,48,5,40,0,2,0,3,Regular / Moderate-Value Customers
1857,62,Graduation,Single,47139.0,83,5,2,0,2,1,2,Regular / Moderate-Value Customers
3910,39,Graduation,Divorced,83829.0,1862,17,78,3,4,7,6,High-Value & Highly Engaged Customers
5207,51,PhD,Married,53378.0,793,19,41,0,9,4,6,Regular / Moderate-Value Customers
11114,44,Graduation,Together,19656.0,84,6,94,0,2,1,3,Low-Value / Low-Engagement Customers
5429,66,PhD,Married,45579.0,183,9,10,0,4,1,4,Regular / Moderate-Value Customers
9400,56,2n Cycle,Single,85485.0,1383,18,73,0,6,6,6,High-Value & Highly Engaged Customers
1740,70,Graduation,Married,55956.0,999,14,22,1,7,3,4,High-Value & Highly Engaged Customers
7488,51,Master,Single,64191.0,825,21,30,0,5,3,13,High-Value & Highly Engaged Customers
195,42,Graduation,Single,38808.0,246,10,21,1,5,1,4,Regular / Moderate-Value Customers
635,48,Master,Married,57183.0,610,17,51,0,9,1,7,Regular / Moderate-Value Customers
7527,46,Master,Divorced,23748.0,76,6,97,0,2,1,3,Low-Value / Low-Engagement Customers
10319,43,Graduation,Married,66303.0,1286,18,56,1,3,4,11,Regular / Moderate-Value Customers
2296,39,Master,Married,37368.0,30,3,4,1,1,0,2,Low-Value / Low-Engagement Customers
10637,50,Graduation,Married,40800.0,99,6,77,0,3,0,3,Low-Value / Low-Engagement Customers
2931,36,Graduation,Divorced,71847.0,1192,22,95,1,6,7,9,High-Value & Highly Engaged Customers
907,39,Graduation,Married,46149.0,362,13,36,0,5,1,7,Regular / Moderate-Value Customers
3698,31,Graduation,Together,78687.0,2130,18,13,1,4,6,8,High-Value & Highly Engaged Customers
9516,43,2n Cycle,Divorced,49118.0,1229,26,90,2,9,7,10,High-Value & Highly Engaged Customers
679,57,PhD,Married,37633.0,38,4,49,0,1,0,3,Regular / Moderate-Value Customers
7384,63,Master,Together,39767.0,485,15,18,0,7,1,7,High-Value & Highly Engaged Customers
5043,63,Basic,Married,26997.0,434,11,89,0,4,2,5,Low-Value / Low-Engagement Customers
5267,44,Graduation,Divorced,33986.0,44,4,43,0,1,0,3,Low-Value / Low-Engagement Customers
339,42,PhD,Married,57091.0,496,16,82,1,9,2,5,Regular / Moderate-Value Customers
2516,45,2n Cycle,Married,46831.0,78,5,84,0,1,2,2,Low-Value / Low-Engagement Customers
9010,42,Master,Married,83151.0,2346,22,80,3,5,7,10,High-Value & Highly Engaged Customers
378,43,Graduation,Married,52531.0,794,19,68,0,7,2,10,High-Value & Highly Engaged Customers
4808,58,Graduation,Married,15759.0,17,3,12,0,1,0,2,Low-Value / Low-Engagement Customers
5068,43,Graduation,Single,22804.0,26,4,75,0,2,0,2,Regular / Moderate-Value Customers
7628,41,2n Cycle,Married,43050.0,76,6,10,0,2,0,4,Low-Value / Low-Engagement Customers
7128,37,PhD,Single,42997.0,15,3,91,0,1,0,2,Low-Value / Low-Engagement Customers
2811,51,PhD,Single,48918.0,62,5,21,0,1,0,4,Regular / Moderate-Value Customers
3551,60,Master,Together,60033.0,198,8,28,0,2,1,5,Regular / Moderate-Value Customers
1663,36,PhD,Together,34043.0,49,4,97,0,2,0,2,Low-Value / Low-Engagement Customers
5543,48,Graduation,Together,57811.0,802,20,49,1,7,2,11,Regular / Moderate-Value Customers
1577,68,Graduation,Married,78569.0,1736,14,14,1,4,6,4,High-Value & Highly Engaged Customers
10641,36,Graduation,Single,7500.0,57,6,5,0,2,1,3,Low-Value / Low-Engagement Customers
5336,43,Master,Together,157733.0,59,2,37,0,1,0,1,Regular / Moderate-Value Customers
6024,61,Graduation,Together,94384.0,2302,18,62,3,5,8,5,High-Value & Highly Engaged Customers
1878,29,2n Cycle,Married,23148.0,37,5,83,0,2,0,3,Low-Value / Low-Engagement Customers
3099,44,Graduation,Divorced,44267.0,310,11,48,0,5,2,4,Regular / Moderate-Value Customers
6055,35,Graduation,Married,71626.0,1305,18,94,1,5,5,8,High-Value & Highly Engaged Customers
5841,48,Graduation,Together,60894.0,832,21,61,0,10,3,8,Regular / Moderate-Value Customers
3972,38,Graduation,Together,50200.0,401,13,70,0,7,1,5,Regular / Moderate-Value Customers
4394,49,PhD,Married,81051.0,1501,22,43,2,5,5,12,High-Value & Highly Engaged Customers
5758,32,Graduation,Married,65169.0,1189,27,23,4,10,4,13,High-Value & Highly Engaged Customers
6658,42,Graduation,Together,59868.0,1194,25,37,0,11,2,12,High-Value & Highly Engaged Customers
4603,54,PhD,Married,65695.0,656,19,50,0,5,4,10,Regular / Moderate-Value Customers
8427,58,Master,Single,64857.0,1540,22,78,0,7,5,10,High-Value & Highly Engaged Customers
10260,49,Master,Together,45143.0,311,12,74,0,6,1,5,Regular / Moderate-Value Customers
7143,59,2n Cycle,Together,74805.0,820,21,14,0,4,7,10,High-Value & Highly Engaged Customers
8789,25,2n Cycle,Married,59060.0,274,11,77,0,3,1,7,Low-Value / Low-Engagement Customers
6197,52,PhD,Single,27238.0,57,6,39,0,3,0,3,Regular / Moderate-Value Customers
4554,49,Graduation,Together,47009.0,448,13,89,0,3,2,8,Regular / Moderate-Value Customers
4937,41,2n Cycle,Married,46094.0,44,4,62,0,1,0,3,Low-Value / Low-Engagement Customers
1920,42,Graduation,Married,40321.0,102,6,59,0,3,0,3,Regular / Moderate-Value Customers
8749,30,Graduation,Together,37235.0,61,4,68,0,1,1,2,Low-Value / Low-Engagement Customers
1650,54,Master,Married,81843.0,1643,26,13,0,5,9,12,High-Value & Highly Engaged Customers
10377,56,Master,Together,46692.0,397,12,37,0,6,1,5,Regular / Moderate-Value Customers
9206,46,Graduation,Together,77382.0,1121,24,36,1,5,7,12,High-Value & Highly Engaged Customers
10971,37,Graduation,Single,37774.0,473,12,28,1,7,2,3,Regular / Moderate-Value Customers
6398,40,Basic,Married,18393.0,50,6,2,0,3,0,3,Low-Value / Low-Engagement Customers
9212,52,Master,Married,72828.0,1678,22,17,0,6,3,13,High-Value & Highly Engaged Customers
7937,32,Graduation,Married,24711.0,58,6,86,0,3,0,3,Low-Value / Low-Engagement Customers
839,39,PhD,Married,45503.0,170,8,54,0,3,1,4,Regular / Moderate-Value Customers
4246,32,Master,Single,6560.0,373,2,2,0,1,0,1,Low-Value / Low-Engagement Customers
158,69,PhD,Together,71604.0,1196,16,3,1,8,3,5,High-Value & Highly Engaged Customers
4832,35,Graduation,Married,27244.0,101,6,84,0,2,2,2,Low-Value / Low-Engagement Customers
5621,45,Graduation,Married,48752.0,316,12,8,0,6,1,5,Low-Value / Low-Engagement Customers
1945,52,Graduation,Married,71434.0,1400,18,4,2,7,4,7,High-Value & Highly Engaged Customers
5147,66,Graduation,Single,90842.0,1424,26,57,0,4,9,13,High-Value & Highly Engaged Customers
2535,36,Master,Married,88097.0,844,19,24,3,6,5,8,High-Value & Highly Engaged Customers
11039,39,Graduation,Married,51948.0,311,11,51,0,5,2,4,Low-Value / Low-Engagement Customers
9495,32,Graduation,Together,71853.0,1149,16,29,0,2,8,6,High-Value & Highly Engaged Customers
9635,31,Master,Married,35876.0,129,7,13,0,3,1,3,Regular / Moderate-Value Customers
2173,62,Graduation,Widow,40049.0,32,4,23,0,1,0,3,Low-Value / Low-Engagement Customers
942,32,Graduation,Single,39660.0,299,11,36,0,7,1,3,Regular / Moderate-Value Customers
9386,52,Graduation,Together,50127.0,320,12,88,1,5,1,6,Regular / Moderate-Value Customers
5510,37,Master,Married,43263.0,441,13,2,0,5,2,6,Regular / Moderate-Value Customers
873,65,Master,Married,62845.0,1178,17,3,1,3,4,10,Regular / Moderate-Value Customers
2253,24,Graduation,Married,18929.0,85,5,15,0,1,0,4,Low-Value / Low-Engagement Customers
5181,32,Basic,Single,24367.0,24,3,58,0,1,0,2,Low-Value / Low-Engagement Customers
979,39,Graduation,Single,33249.0,112,6,11,0,2,1,3,Low-Value / Low-Engagement Customers
10390,55,2n Cycle,Married,26887.0,30,4,27,0,1,0,3,Low-Value / Low-Engagement Customers
4698,31,PhD,Married,50150.0,410,14,32,0,5,2,7,Low-Value / Low-Engagement Customers
7793,38,Graduation,Together,62061.0,800,21,12,1,10,4,7,Regular / Moderate-Value Customers
1745,52,PhD,Divorced,85696.0,1313,19,88,0,4,6,9,High-Value & Highly Engaged Customers
10590,58,PhD,Together,76542.0,1483,22,91,0,4,8,10,High-Value & Highly Engaged Customers
5080,21,Graduation,Single,70515.0,1258,16,12,0,6,6,4,High-Value & Highly Engaged Customers
8369,27,Graduation,Together,18227.0,28,3,21,0,0,1,2,Low-Value / Low-Engagement Customers
5232,49,Graduation,Married,69139.0,227,10,23,0,4,1,5,Regular / Moderate-Value Customers
2407,32,Graduation,Married,69109.0,1555,19,10,1,6,6,7,High-Value & Highly Engaged Customers
3834,52,Graduation,Single,69627.0,861,21,35,0,8,2,11,High-Value & Highly Engaged Customers
7912,36,Graduation,Married,38136.0,103,6,69,1,3,1,2,Low-Value / Low-Engagement Customers
7712,68,PhD,Single,62159.0,634,18,68,0,6,2,10,High-Value & Highly Engaged Customers
1065,51,Graduation,Single,80695.0,1918,18,85,0,5,8,5,High-Value & Highly Engaged Customers
7275,43,Master,Single,33316.0,131,7,34,0,2,1,4,Regular / Moderate-Value Customers
1343,46,Graduation,Together,58554.0,586,16,55,0,8,2,6,Regular / Moderate-Value Customers
1384,22,Basic,Married,17256.0,62,5,10,1,2,1,2,Low-Value / Low-Engagement Customers
9967,40,Graduation,Divorced,53034.0,447,14,30,0,6,1,7,Regular / Moderate-Value Customers
6181,64,2n Cycle,Together,52203.0,939,26,36,0,8,7,11,High-Value & Highly Engaged Customers
10507,37,2n Cycle,Divorced,59601.0,797,11,14,1,2,2,7,Regular / Moderate-Value Customers
2674,56,Master,Single,75154.0,1143,15,79,0,6,3,6,High-Value & Highly Engaged Customers
2698,38,Graduation,Single,47025.0,415,14,52,0,6,3,5,Regular / Moderate-Value Customers
3231,41,Graduation,Married,37971.0,30,4,97,0,1,0,3,Low-Value / Low-Engagement Customers
4096,46,Master,Divorced,41335.0,187,9,24,0,4,1,4,Regular / Moderate-Value Customers
10476,56,Graduation,Married,67267.0,251,10,0,0,3,2,5,Regular / Moderate-Value Customers
5948,39,Graduation,Single,57338.0,237,10,96,0,4,1,5,Regular / Moderate-Value Customers
9140,54,2n Cycle,Together,50523.0,91,6,89,0,2,0,4,Regular / Moderate-Value Customers
10258,49,Master,Single,35791.0,35,4,94,0,1,0,3,Regular / Moderate-Value Customers
5675,54,PhD,Divorced,50611.0,493,16,98,1,4,5,7,Regular / Moderate-Value Customers
4743,45,PhD,Married,56242.0,971,23,72,0,8,4,11,Regular / Moderate-Value Customers
8805,54,Graduation,Single,48904.0,371,13,1,0,7,2,4,Regular / Moderate-Value Customers
1542,39,Graduation,Single,56243.0,396,14,26,0,4,2,8,Regular / Moderate-Value Customers
6770,29,Graduation,Married,21355.0,68,5,5,1,2,1,2,Low-Value / Low-Engagement Customers
8773,43,Master,Together,57420.0,322,12,22,1,5,1,6,Regular / Moderate-Value Customers
10475,44,Master,Together,51373.0,317,12,39,0,4,2,6,Regular / Moderate-Value Customers
10420,59,Master,Divorced,46390.0,222,9,56,0,4,2,3,Regular / Moderate-Value Customers
7514,58,2n Cycle,Together,54342.0,177,8,74,0,3,1,4,Regular / Moderate-Value Customers
2902,56,Graduation,Together,51373.0,45,4,87,0,1,0,3,Regular / Moderate-Value Customers
4345,50,2n Cycle,Single,51373.0,21,3,49,0,1,0,2,Low-Value / Low-Engagement Customers
793,41,Graduation,Married,20895.0,45,5,24,0,2,0,3,Low-Value / Low-Engagement Customers
10909,66,Graduation,Married,92344.0,1899,20,9,2,5,10,5,High-Value & Highly Engaged Customers
3769,42,PhD,Together,51373.0,42,4,17,0,1,0,3,Regular / Moderate-Value Customers
8702,38,2n Cycle,Together,26907.0,22,4,10,0,1,0,3,Low-Value / Low-Engagement Customers
4791,34,Graduation,Together,44964.0,41,4,35,0,1,0,3,Regular / Moderate-Value Customers
2963,35,Graduation,Together,75507.0,1440,20,56,0,8,6,6,High-Value & Highly Engaged Customers
8216,42,Master,Married,53761.0,325,11,7,0,4,4,3,Regular / Moderate-Value Customers
8140,41,Graduation,Together,22682.0,95,7,51,0,2,1,4,Low-Value / Low-Engagement Customers
10146,42,PhD,Together,38887.0,42,4,17,0,1,0,3,Regular / Moderate-Value Customers
5289,39,2n Cycle,Single,41658.0,72,4,30,0,1,1,2,Low-Value / Low-Engagement Customers
2587,42,PhD,Married,29791.0,20,5,21,0,2,0,3,Regular / Moderate-Value Customers
4405,58,Master,Married,63915.0,789,21,2,0,6,3,12,Regular / Moderate-Value Customers
8663,40,Graduation,Divorced,39996.0,15,3,85,0,1,0,2,Regular / Moderate-Value Customers
2589,42,Graduation,Divorced,26759.0,59,6,65,0,2,1,3,Low-Value / Low-Engagement Customers
3421,46,Master,Divorced,63841.0,908,21,64,0,9,3,9,Regular / Moderate-Value Customers
10490,45,PhD,Married,51039.0,417,12,11,0,6,2,4,Low-Value / Low-Engagement Customers
4094,53,Graduation,Married,60544.0,289,11,92,0,5,1,5,Regular / Moderate-Value Customers
9958,42,Graduation,Married,65685.0,769,20,54,0,9,2,9,Regular / Moderate-Value Customers
2534,61,Graduation,Married,37716.0,188,8,4,0,4,1,3,Regular / Moderate-Value Customers
4188,57,Graduation,Single,36864.0,354,11,53,0,5,2,4,Regular / Moderate-Value Customers
6613,44,Master,Married,44511.0,727,20,39,0,8,4,8,Regular / Moderate-Value Customers
10827,47,PhD,Married,36947.0,146,7,49,0,3,0,4,Regular / Moderate-Value Customers
5491,63,Master,Together,47352.0,319,12,70,0,6,1,5,Regular / Moderate-Value Customers
8402,61,Master,Married,67087.0,794,20,40,0,7,5,8,High-Value & Highly Engaged Customers
8783,64,Graduation,Married,57045.0,454,15,40,0,4,2,9,Regular / Moderate-Value Customers
10010,61,PhD,Divorced,36957.0,152,7,43,0,3,2,2,Regular / Moderate-Value Customers
618,37,PhD,Married,69389.0,797,21,17,0,7,2,12,High-Value & Highly Engaged Customers
9121,42,Graduation,Married,80134.0,1690,14,40,3,5,3,6,High-Value & Highly Engaged Customers
361,45,Master,Married,43142.0,20,3,84,0,1,0,2,Low-Value / Low-Engagement Customers
4310,70,Graduation,Married,80589.0,1428,20,25,1,5,10,5,High-Value & Highly Engaged Customers
2678,24,Graduation,Single,34412.0,209,8,62,0,5,0,3,Low-Value / Low-Engagement Customers
6376,35,Graduation,Single,57537.0,545,15,83,0,4,3,8,Regular / Moderate-Value Customers
524,48,Basic,Together,22634.0,96,5,47,0,2,1,2,Low-Value / Low-Engagement Customers
10341,66,Graduation,Together,51315.0,222,9,45,0,2,2,5,Low-Value / Low-Engagement Customers
5654,42,Graduation,Married,36026.0,61,5,34,0,2,0,3,Low-Value / Low-Engagement Customers
4098,41,Graduation,Married,24639.0,44,6,3,0,2,0,4,Regular / Moderate-Value Customers
5824,42,PhD,Together,34578.0,8,3,1,0,1,0,2,Regular / Moderate-Value Customers
7000,42,2n Cycle,Single,65704.0,817,22,18,0,2,10,10,High-Value & Highly Engaged Customers
2561,48,Graduation,Single,63810.0,1371,19,45,1,4,3,12,High-Value & Highly Engaged Customers
5229,45,PhD,Together,54132.0,42,4,81,0,1,0,3,Regular / Moderate-Value Customers
4086,55,Graduation,Married,18690.0,60,4,77,0,1,1,2,Low-Value / Low-Engagement Customers
2428,44,Graduation,Married,28164.0,78,6,23,0,2,0,4,Low-Value / Low-Engagement Customers
8254,40,PhD,Married,34596.0,23,3,48,0,1,0,2,Regular / Moderate-Value Customers
2836,42,PhD,Married,43269.0,19,3,61,0,1,0,2,Regular / Moderate-Value Customers
8418,56,2n Cycle,Single,38741.0,61,5,60,0,2,0,3,Low-Value / Low-Engagement Customers
1362,42,Graduation,Single,31907.0,449,13,75,0,6,1,6,Low-Value / Low-Engagement Customers
7152,31,Master,Married,27100.0,37,4,64,0,1,0,3,Low-Value / Low-Engagement Customers
10033,41,2n Cycle,Divorced,31163.0,38,4,54,0,1,0,3,Low-Value / Low-Engagement Customers
9349,29,Graduation,Married,92533.0,1131,22,84,2,6,5,11,High-Value & Highly Engaged Customers
274,41,Graduation,Single,34853.0,34,5,75,0,2,0,3,Low-Value / Low-Engagement Customers
3388,47,Graduation,Divorced,70844.0,294,12,16,0,6,1,5,Regular / Moderate-Value Customers
922,35,2n Cycle,Married,31086.0,48,4,79,1,1,1,2,Regular / Moderate-Value Customers
8588,53,Graduation,Married,60544.0,289,11,92,0,5,1,5,Regular / Moderate-Value Customers
2518,28,2n Cycle,Together,20491.0,30,3,16,0,0,1,2,Low-Value / Low-Engagement Customers
574,50,Graduation,Married,42523.0,125,6,96,0,1,1,4,Low-Value / Low-Engagement Customers
3220,31,Graduation,Married,39922.0,156,7,30,0,3,0,4,Low-Value / Low-Engagement Customers
5967,62,Graduation,Together,33402.0,70,6,60,0,2,1,3,Regular / Moderate-Value Customers
1183,65,Master,Married,36408.0,22,3,11,0,1,0,2,Regular / Moderate-Value Customers
6856,35,Graduation,Together,21645.0,65,6,75,0,3,0,3,Low-Value / Low-Engagement Customers
4530,66,Master,Widow,78427.0,1930,20,36,1,3,7,10,High-Value & Highly Engaged Customers
1553,68,Graduation,Together,82657.0,2283,22,71,2,7,5,10,High-Value & Highly Engaged Customers
4682,56,Graduation,Married,51876.0,310,12,88,0,2,2,8,High-Value & Highly Engaged Customers
8204,43,2n Cycle,Married,78041.0,1319,17,93,0,4,4,9,High-Value & Highly Engaged Customers
5221,57,Graduation,Married,52852.0,879,22,93,1,10,7,5,Regular / Moderate-Value Customers
1232,32,PhD,Together,70038.0,1244,16,54,0,4,4,8,High-Value & Highly Engaged Customers
1927,41,2n Cycle,Together,69401.0,690,13,41,0,4,4,5,Regular / Moderate-Value Customers
5788,42,Graduation,Together,46053.0,209,9,46,0,3,2,4,Low-Value / Low-Engagement Customers
6652,49,Graduation,Married,77343.0,1134,16,28,0,3,4,9,High-Value & Highly Engaged Customers
6246,61,Graduation,Single,73892.0,1507,22,40,0,3,11,8,High-Value & Highly Engaged Customers
5975,47,PhD,Single,40304.0,57,5,82,0,2,0,3,Regular / Moderate-Value Customers
6875,49,PhD,Together,32727.0,529,15,38,0,7,3,5,High-Value & Highly Engaged Customers
4399,45,Graduation,Together,68695.0,1091,15,3,0,4,4,7,High-Value & Highly Engaged Customers
4042,43,Graduation,Divorced,43300.0,180,8,87,0,4,0,4,Regular / Moderate-Value Customers
2157,42,Graduation,Together,26290.0,77,6,49,0,2,0,4,Low-Value / Low-Engagement Customers
10133,44,Graduation,Single,93790.0,2349,25,16,3,6,7,12,High-Value & Highly Engaged Customers
2525,40,PhD,Married,38410.0,534,16,65,0,5,2,9,Low-Value / Low-Engagement Customers
8233,64,Master,Widow,64866.0,556,17,9,1,7,3,7,Regular / Moderate-Value Customers
9483,55,Graduation,Together,57957.0,637,18,24,0,4,6,8,High-Value & Highly Engaged Customers
2945,59,PhD,Together,46015.0,46,4,25,2,1,0,3,Regular / Moderate-Value Customers
10403,36,Graduation,Together,16531.0,44,6,43,0,3,0,3,Low-Value / Low-Engagement Customers
5074,28,Master,Married,28072.0,47,4,10,0,1,0,3,Regular / Moderate-Value Customers
10524,51,Master,Divorced,49476.0,795,18,29,0,2,11,5,Regular / Moderate-Value Customers
4690,61,Graduation,Married,50725.0,586,17,45,0,8,1,8,Regular / Moderate-Value Customers
7521,62,Graduation,Together,83844.0,1574,19,57,1,4,4,11,High-Value & Highly Engaged Customers
7196,64,PhD,Married,41145.0,13,3,20,0,0,0,3,Regular / Moderate-Value Customers
4406,44,Graduation,Together,67419.0,1471,21,29,0,9,4,8,High-Value & Highly Engaged Customers
9672,44,2n Cycle,Married,23162.0,65,5,82,0,1,1,3,Low-Value / Low-Engagement Customers
4864,37,Graduation,Married,34380.0,175,8,68,0,4,1,3,Regular / Moderate-Value Customers
4706,48,Graduation,Single,34704.0,40,4,65,0,1,0,3,Regular / Moderate-Value Customers
4070,45,PhD,Married,94871.0,1078,17,99,2,8,5,4,High-Value & Highly Engaged Customers
25,56,Graduation,Married,65148.0,1115,19,9,0,6,6,7,High-Value & Highly Engaged Customers
3697,60,Graduation,Together,39898.0,134,7,20,0,3,0,4,Regular / Moderate-Value Customers
217,58,Master,Single,64857.0,1540,22,78,0,7,5,10,High-Value & Highly Engaged Customers
4220,44,PhD,Married,59892.0,87,6,26,0,2,1,3,Regular / Moderate-Value Customers
5286,27,Master,Single,41020.0,217,9,68,0,3,2,4,Regular / Moderate-Value Customers
9559,53,PhD,Married,57072.0,1034,25,79,1,7,5,13,Regular / Moderate-Value Customers
2849,35,Graduation,Single,60474.0,1180,24,25,0,10,2,12,High-Value & Highly Engaged Customers
7787,54,Graduation,Together,62807.0,819,20,83,0,5,3,12,Regular / Moderate-Value Customers
3102,33,2n Cycle,Together,19414.0,32,4,32,0,1,0,3,Low-Value / Low-Engagement Customers
5868,34,Graduation,Married,19107.0,46,4,49,0,1,0,3,Low-Value / Low-Engagement Customers
8370,38,2n Cycle,Together,75484.0,1159,16,50,0,7,3,6,High-Value & Highly Engaged Customers
9988,38,Master,Single,70379.0,860,22,84,0,6,3,13,High-Value & Highly Engaged Customers
2939,44,Master,Together,79419.0,1631,14,96,0,4,6,4,High-Value & Highly Engaged Customers
5529,68,PhD,Together,64014.0,444,15,56,1,8,2,5,Regular / Moderate-Value Customers
9743,59,Graduation,Married,76998.0,1910,27,85,1,11,8,8,High-Value & Highly Engaged Customers
5763,42,Master,Together,49854.0,380,13,63,0,6,2,5,Regular / Moderate-Value Customers
3478,43,PhD,Married,60585.0,736,20,17,0,7,4,9,Regular / Moderate-Value Customers
7494,64,PhD,Divorced,42873.0,269,11,11,0,6,1,4,Regular / Moderate-Value Customers
1763,26,Graduation,Together,87679.0,2524,28,62,3,7,11,10,High-Value & Highly Engaged Customers
7250,36,Graduation,Together,57867.0,612,18,48,0,7,2,9,Regular / Moderate-Value Customers
2005,24,Graduation,Married,35765.0,75,6,86,0,2,0,4,Low-Value / Low-Engagement Customers
10770,55,Graduation,Married,65492.0,1045,24,73,0,4,7,13,High-Value & Highly Engaged Customers
6885,37,Graduation,Divorced,32952.0,55,5,36,0,2,0,3,Regular / Moderate-Value Customers
2072,45,PhD,Together,53374.0,1064,15,34,1,4,2,9,Regular / Moderate-Value Customers
9463,55,Graduation,Together,71706.0,1443,21,16,0,9,5,7,High-Value & Highly Engaged Customers
6318,26,Graduation,Married,68487.0,1366,29,48,0,9,7,13,High-Value & Highly Engaged Customers
4093,39,Master,Together,53253.0,436,12,61,0,4,3,5,Regular / Moderate-Value Customers
5751,41,2n Cycle,Divorced,31163.0,38,4,54,0,1,0,3,Low-Value / Low-Engagement Customers
3340,37,Graduation,Married,42014.0,436,14,56,0,7,1,6,Regular / Moderate-Value Customers
3594,41,Master,Married,54108.0,747,19,74,0,8,2,9,Regular / Moderate-Value Customers
3584,59,PhD,Single,49667.0,1396,20,35,1,5,10,5,High-Value & Highly Engaged Customers
3643,40,Master,Married,63206.0,928,13,65,1,4,3,6,High-Value & Highly Engaged Customers
851,42,Master,Married,57136.0,642,17,48,0,5,2,10,Regular / Moderate-Value Customers
7706,39,2n Cycle,Together,46772.0,1048,24,88,1,11,8,5,High-Value & Highly Engaged Customers
3967,43,PhD,Married,78931.0,943,23,19,0,2,8,13,High-Value & Highly Engaged Customers
10128,56,Graduation,Together,53977.0,907,22,21,0,5,5,12,Regular / Moderate-Value Customers
486,26,Graduation,Married,84219.0,1198,17,27,0,3,4,10,High-Value & Highly Engaged Customers
9,39,Master,Single,46098.0,120,7,86,0,3,2,2,Regular / Moderate-Value Customers
9451,49,Graduation,Married,73538.0,1658,23,92,0,10,4,9,High-Value & Highly Engaged Customers
9264,28,Graduation,Married,79529.0,1638,21,1,0,4,8,9,High-Value & Highly Engaged Customers
3865,37,2n Cycle,Together,20981.0,73,6,14,0,3,1,2,Low-Value / Low-Engagement Customers
2853,34,Graduation,Single,51766.0,275,10,74,0,4,2,4,Low-Value / Low-Engagement Customers
1490,52,Graduation,Married,55759.0,854,21,84,0,10,3,8,Regular / Moderate-Value Customers
6310,36,Graduation,Married,33039.0,78,6,4,0,2,0,4,Low-Value / Low-Engagement Customers
10380,42,Master,Married,37787.0,106,6,50,0,3,0,3,Low-Value / Low-Engagement Customers
3887,44,Graduation,Single,27242.0,106,5,2,0,2,0,3,Low-Value / Low-Engagement Customers
4278,31,PhD,Single,87188.0,1923,18,73,0,10,2,6,High-Value & Highly Engaged Customers
8643,43,Graduation,Together,69930.0,1662,21,21,0,4,5,12,High-Value & Highly Engaged Customers
1998,38,Graduation,Single,37697.0,84,6,82,0,2,1,3,Low-Value / Low-Engagement Customers
10795,41,PhD,Married,37401.0,48,5,14,0,2,0,3,Low-Value / Low-Engagement Customers
11110,41,Graduation,Single,3502.0,5,0,56,0,0,0,0,Low-Value / Low-Engagement Customers
2408,38,Graduation,Married,58597.0,733,20,20,0,7,4,9,Regular / Moderate-Value Customers
202,66,PhD,Widow,82032.0,1234,17,54,0,4,6,7,High-Value & Highly Engaged Customers
7998,56,Graduation,Together,28087.0,112,6,77,0,2,2,2,Regular / Moderate-Value Customers
830,27,PhD,Single,74004.0,1658,14,5,2,4,6,4,High-Value & Highly Engaged Customers
3536,54,Graduation,Together,19740.0,55,5,65,0,1,1,3,Low-Value / Low-Engagement Customers
6050,39,2n Cycle,Married,57036.0,1513,22,33,1,6,3,13,High-Value & Highly Engaged Customers
125,56,2n Cycle,Together,53083.0,271,11,65,1,5,1,5,Regular / Moderate-Value Customers
3463,39,PhD,Married,69283.0,904,23,41,0,7,3,13,High-Value & Highly Engaged Customers
2804,39,Master,Single,46098.0,120,7,86,0,3,2,2,Regular / Moderate-Value Customers
3745,26,2n Cycle,Married,23331.0,103,6,92,0,3,0,3,Low-Value / Low-Engagement Customers
9771,26,2n Cycle,Single,23331.0,269,11,97,0,5,1,5,Low-Value / Low-Engagement Customers
451,25,Graduation,Single,9255.0,22,4,91,0,1,1,2,Low-Value / Low-Engagement Customers
10530,55,PhD,Widow,67786.0,1156,15,0,0,3,6,6,High-Value & Highly Engaged Customers
1079,43,PhD,Married,71969.0,1086,16,59,1,3,4,9,Regular / Moderate-Value Customers
8920,47,Master,Single,59235.0,1128,25,4,0,11,2,12,High-Value & Highly Engaged Customers
6678,25,Graduation,Together,31928.0,72,7,5,0,3,0,4,Low-Value / Low-Engagement Customers
3852,53,Master,Together,74881.0,964,23,48,0,9,2,12,Regular / Moderate-Value Customers
528,36,Graduation,Married,65819.0,1383,19,99,0,5,4,10,High-Value & Highly Engaged Customers
73,61,PhD,Single,51411.0,18,3,81,0,0,0,3,Regular / Moderate-Value Customers
5589,50,Graduation,Divorced,51983.0,793,21,95,0,9,2,10,Regular / Moderate-Value Customers
10212,28,Master,Together,42386.0,100,6,43,0,3,0,3,Regular / Moderate-Value Customers
6365,27,2n Cycle,Married,30390.0,80,5,5,0,2,0,3,Low-Value / Low-Engagement Customers
5636,51,Graduation,Single,30983.0,167,7,50,0,4,0,3,Low-Value / Low-Engagement Customers
591,57,Graduation,Widow,66033.0,677,18,76,0,8,3,7,High-Value & Highly Engaged Customers
2217,39,2n Cycle,Married,37284.0,23,3,46,0,0,0,3,Low-Value / Low-Engagement Customers
2544,63,Master,Divorced,57530.0,92,6,68,0,1,1,4,Regular / Moderate-Value Customers
7725,49,2n Cycle,Married,76800.0,641,15,33,0,4,4,7,High-Value & Highly Engaged Customers
8091,58,Graduation,Married,63943.0,1106,16,50,0,6,4,6,High-Value & Highly Engaged Customers
7321,52,Graduation,Together,76081.0,1033,13,85,1,4,5,4,High-Value & Highly Engaged Customers
5462,40,Graduation,Married,67445.0,1174,27,63,0,9,6,12,High-Value & Highly Engaged Customers
7791,47,Master,Married,37054.0,25,4,89,0,1,0,3,Regular / Moderate-Value Customers
955,52,Master,Together,47175.0,240,10,81,1,4,2,4,Regular / Moderate-Value Customers
4037,38,Graduation,Divorced,31859.0,20,3,77,0,1,0,2,Low-Value / Low-Engagement Customers
6642,53,Graduation,Divorced,27215.0,102,7,50,0,2,1,4,Regular / Moderate-Value Customers
2793,38,PhD,Divorced,70179.0,1034,23,10,0,7,3,13,High-Value & Highly Engaged Customers
5424,31,Graduation,Married,39922.0,156,7,30,0,3,0,4,Low-Value / Low-Engagement Customers
879,38,Master,Married,49681.0,458,15,66,0,7,1,7,Regular / Moderate-Value Customers
9530,26,Graduation,Married,24645.0,17,3,16,0,1,0,2,Low-Value / Low-Engagement Customers
4828,60,Graduation,Divorced,79865.0,792,20,12,0,5,10,5,High-Value & Highly Engaged Customers
10699,29,Graduation,Married,44322.0,92,6,30,0,3,0,3,Regular / Moderate-Value Customers
1497,62,Graduation,Single,47958.0,407,14,8,0,6,3,5,Regular / Moderate-Value Customers
7476,50,Master,Single,63972.0,1269,19,93,1,5,4,10,High-Value & Highly Engaged Customers
4390,60,Graduation,Together,75315.0,841,21,14,0,5,4,12,High-Value & Highly Engaged Customers
10478,64,PhD,Married,55517.0,633,18,53,0,11,1,6,Regular / Moderate-Value Customers
1081,57,PhD,Married,75283.0,1019,14,26,0,6,3,5,Regular / Moderate-Value Customers
4261,68,PhD,Single,82800.0,1315,25,23,2,7,6,12,High-Value & Highly Engaged Customers
9916,60,Graduation,Married,38998.0,54,5,92,0,2,0,3,Regular / Moderate-Value Customers
5350,23,Master,Single,90638.0,2525,17,29,1,3,4,10,High-Value & Highly Engaged Customers
8135,28,Master,Married,27161.0,52,4,41,0,1,0,3,Low-Value / Low-Engagement Customers
8685,37,Graduation,Married,42014.0,436,14,56,0,7,1,6,Regular / Moderate-Value Customers
4967,54,PhD,Together,38201.0,268,11,19,0,5,1,5,Regular / Moderate-Value Customers
2130,32,Graduation,Together,45203.0,147,7,4,0,3,1,3,Regular / Moderate-Value Customers
9298,67,PhD,Together,81574.0,1798,17,89,2,4,5,8,High-Value & Highly Engaged Customers
8175,22,Graduation,Married,34935.0,137,7,71,0,2,1,4,Low-Value / Low-Engagement Customers
6257,38,Master,Single,60482.0,507,16,81,0,7,2,7,Regular / Moderate-Value Customers
3790,58,Graduation,Together,34633.0,15,3,31,0,1,0,2,Regular / Moderate-Value Customers
9952,67,Master,Together,78093.0,1105,16,53,0,4,7,5,High-Value & Highly Engaged Customers
3503,64,Graduation,Divorced,82460.0,974,14,78,0,5,3,6,High-Value & Highly Engaged Customers
5223,48,Master,Together,45903.0,66,6,80,0,2,1,3,Regular / Moderate-Value Customers
4608,27,Graduation,Divorced,81361.0,778,26,18,0,3,10,13,High-Value & Highly Engaged Customers
1626,41,PhD,Divorced,35860.0,49,4,37,1,1,1,2,Regular / Moderate-Value Customers
4764,62,Master,Together,40442.0,169,8,52,0,3,1,4,Regular / Moderate-Value Customers
2471,49,Graduation,Married,61482.0,299,11,39,0,3,2,6,Low-Value / Low-Engagement Customers
5892,34,Graduation,Married,34968.0,221,10,11,0,3,2,5,Regular / Moderate-Value Customers
2612,27,Graduation,Married,75794.0,1682,24,33,1,7,5,12,High-Value & Highly Engaged Customers
4971,52,PhD,Together,31497.0,155,8,22,0,3,1,4,Regular / Moderate-Value Customers
5185,59,Graduation,Married,74268.0,892,12,83,0,4,3,5,High-Value & Highly Engaged Customers
10069,26,Basic,Together,13724.0,58,4,43,1,2,0,2,Low-Value / Low-Engagement Customers
2262,49,Master,Together,45143.0,311,12,74,0,6,1,5,Regular / Moderate-Value Customers
1131,47,PhD,Single,52569.0,95,6,54,0,2,0,4,Regular / Moderate-Value Customers
1041,41,PhD,Single,48432.0,424,14,3,0,7,1,6,Regular / Moderate-Value Customers
24,54,Master,Together,17144.0,47,7,96,0,3,0,4,Regular / Moderate-Value Customers
3409,30,Graduation,Single,36108.0,339,12,68,1,7,1,4,Regular / Moderate-Value Customers
7022,43,Graduation,Married,76445.0,1410,20,2,0,2,5,13,High-Value & Highly Engaged Customers
7943,39,PhD,Married,36663.0,35,5,40,0,1,1,3,Regular / Moderate-Value Customers
5272,49,Master,Married,53843.0,562,16,64,0,8,5,3,Regular / Moderate-Value Customers
5453,58,Master,Married,90226.0,2352,23,26,1,4,7,12,High-Value & Highly Engaged Customers
2565,59,Master,Divorced,70638.0,1334,19,69,1,4,5,10,High-Value & Highly Engaged Customers
800,54,Graduation,Together,44512.0,32,4,57,0,1,0,3,Regular / Moderate-Value Customers
11092,53,Graduation,Married,27116.0,41,5,78,0,2,0,3,Regular / Moderate-Value Customers
5062,51,PhD,Married,54072.0,39,4,71,0,2,0,2,Regular / Moderate-Value Customers
8969,37,Graduation,Married,71855.0,1141,21,59,0,5,5,11,High-Value & Highly Engaged Customers
4656,24,2n Cycle,Single,51250.0,710,19,28,1,10,5,4,High-Value & Highly Engaged Customers
4480,41,Master,Married,60432.0,401,14,61,0,7,2,5,Regular / Moderate-Value Customers
9971,50,PhD,Married,65526.0,506,16,22,0,4,4,8,Regular / Moderate-Value Customers
6729,26,Graduation,Single,68655.0,1538,20,95,0,4,5,11,High-Value & Highly Engaged Customers
1773,36,2n Cycle,Married,12393.0,57,5,38,0,2,0,3,Low-Value / Low-Engagement Customers
9242,24,Graduation,Single,64509.0,1722,18,19,1,6,3,9,High-Value & Highly Engaged Customers
1764,39,Graduation,Single,33955.0,270,11,92,0,5,1,5,Regular / Moderate-Value Customers
6215,37,Graduation,Married,31353.0,31,4,24,0,1,1,2,Regular / Moderate-Value Customers
10099,30,Graduation,Married,55434.0,882,21,21,0,5,3,13,High-Value & Highly Engaged Customers
5423,31,Graduation,Together,28359.0,16,3,35,0,1,0,2,Low-Value / Low-Engagement Customers
940,27,Graduation,Single,57100.0,311,12,9,0,3,2,7,Regular / Moderate-Value Customers
3011,49,Graduation,Married,69139.0,227,10,23,0,4,1,5,Regular / Moderate-Value Customers
3298,58,Master,Married,52973.0,1152,24,92,0,9,6,9,Regular / Moderate-Value Customers
8286,49,PhD,Together,51717.0,122,7,55,1,3,0,4,Regular / Moderate-Value Customers
9668,43,Graduation,Married,18793.0,77,6,14,0,2,0,4,Low-Value / Low-Engagement Customers
5120,32,2n Cycle,Together,66664.0,1289,18,78,0,5,7,6,High-Value & Highly Engaged Customers
6097,55,Graduation,Single,50664.0,561,15,64,0,8,1,6,Regular / Moderate-Value Customers
7019,51,Graduation,Together,54414.0,211,9,49,0,3,1,5,Regular / Moderate-Value Customers
7408,62,PhD,Married,54549.0,233,10,8,0,5,1,4,Regular / Moderate-Value Customers
8041,43,PhD,Widow,47111.0,1092,15,35,0,3,2,10,Regular / Moderate-Value Customers
252,51,PhD,Divorced,41003.0,601,16,11,0,6,2,8,Low-Value / Low-Engagement Customers
9986,32,Graduation,Together,19444.0,54,7,8,0,4,1,2,Low-Value / Low-Engagement Customers
3276,38,2n Cycle,Together,36301.0,78,6,53,0,3,0,3,Low-Value / Low-Engagement Customers
3859,67,PhD,Together,73059.0,1095,25,36,0,9,3,13,High-Value & Highly Engaged Customers
3570,45,PhD,Together,42731.0,244,10,64,0,4,1,5,Regular / Moderate-Value Customers
3783,55,PhD,Married,52854.0,116,7,43,0,2,1,4,Regular / Moderate-Value Customers
10207,36,Graduation,Together,22775.0,15,3,40,0,1,0,2,Low-Value / Low-Engagement Customers
10906,66,PhD,Together,46681.0,425,14,52,0,4,6,4,Regular / Moderate-Value Customers
3427,59,PhD,Married,59821.0,734,20,11,0,11,2,7,Regular / Moderate-Value Customers
5209,60,Graduation,Divorced,50002.0,638,17,21,0,8,2,7,Regular / Moderate-Value Customers
10711,69,Graduation,Married,69755.0,894,21,23,0,3,6,12,High-Value & Highly Engaged Customers
10785,45,Graduation,Married,44078.0,41,5,17,0,2,0,3,Regular / Moderate-Value Customers
2814,38,Master,Together,30560.0,31,4,6,0,1,0,3,Low-Value / Low-Engagement Customers
6866,45,Master,Together,35924.0,34,4,56,0,1,0,3,Low-Value / Low-Engagement Customers
1665,50,PhD,Divorced,64140.0,1750,13,71,3,2,5,6,Regular / Moderate-Value Customers
6575,33,Graduation,Together,56386.0,612,17,51,0,9,1,7,Regular / Moderate-Value Customers
3829,35,Basic,Together,24594.0,29,4,94,0,1,0,3,Low-Value / Low-Engagement Customers
3091,33,2n Cycle,Together,75774.0,823,20,27,0,7,5,8,High-Value & Highly Engaged Customers
10141,54,Master,Divorced,39228.0,20,3,1,0,0,0,3,Low-Value / Low-Engagement Customers
5177,40,Master,Married,58494.0,396,14,56,0,6,2,6,Regular / Moderate-Value Customers
7005,33,Graduation,Single,58684.0,813,20,71,1,5,3,12,High-Value & Highly Engaged Customers
6409,47,Graduation,Divorced,57136.0,1179,19,18,0,7,5,7,High-Value & Highly Engaged Customers
7485,64,PhD,Widow,56551.0,138,7,48,0,2,1,4,Regular / Moderate-Value Customers
8079,32,Graduation,Married,22448.0,55,6,86,0,2,1,3,Low-Value / Low-Engagement Customers
8395,53,Graduation,Single,82014.0,1511,21,48,0,3,6,12,High-Value & Highly Engaged Customers
10352,51,Graduation,Widow,34213.0,117,6,2,0,3,1,2,Regular / Moderate-Value Customers
4931,37,Graduation,Together,157146.0,1730,28,13,0,0,28,0,High-Value & Highly Engaged Customers
13,67,PhD,Widow,25358.0,32,4,57,0,1,0,3,Regular / Moderate-Value Customers
1834,36,Master,Single,35544.0,67,5,77,0,2,0,3,Low-Value / Low-Engagement Customers
2285,60,Master,Together,36634.0,335,12,0,0,5,2,5,Regular / Moderate-Value Customers
2295,60,PhD,Married,62670.0,825,21,57,0,5,3,13,Regular / Moderate-Value Customers
1378,42,2n Cycle,Together,50334.0,694,17,24,0,7,4,6,Regular / Moderate-Value Customers
2781,33,Graduation,Single,72066.0,1792,16,55,2,4,6,6,High-Value & Highly Engaged Customers
1165,56,PhD,Single,50729.0,496,15,62,0,6,2,7,Regular / Moderate-Value Customers
1404,46,Graduation,Together,34916.0,231,9,89,0,5,1,3,Low-Value / Low-Engagement Customers
6457,38,Graduation,Divorced,64892.0,902,22,77,0,6,4,12,High-Value & Highly Engaged Customers
2639,48,Graduation,Single,43602.0,68,6,45,0,3,1,2,Low-Value / Low-Engagement Customers
8299,25,PhD,Single,33996.0,71,5,46,0,1,1,3,Low-Value / Low-Engagement Customers
6437,29,2n Cycle,Single,41473.0,76,5,80,0,2,0,3,Low-Value / Low-Engagement Customers
6912,47,PhD,Married,63246.0,772,21,60,0,6,3,12,Regular / Moderate-Value Customers
7327,55,PhD,Married,36732.0,47,6,71,0,1,1,4,Regular / Moderate-Value Customers
5299,44,PhD,Married,69084.0,1586,23,43,0,7,3,13,High-Value & Highly Engaged Customers
4127,47,PhD,Married,77766.0,1529,32,97,1,11,10,11,High-Value & Highly Engaged Customers
8143,29,PhD,Single,37929.0,265,11,49,2,4,2,5,Regular / Moderate-Value Customers
1964,63,Graduation,Together,86610.0,1603,17,66,0,5,6,6,High-Value & Highly Engaged Customers
3690,28,Master,Married,80141.0,2091,21,20,1,7,4,10,High-Value & Highly Engaged Customers
3433,59,2n Cycle,Married,72635.0,981,20,54,1,6,8,6,High-Value & Highly Engaged Customers
3389,44,Graduation,Married,69016.0,1533,30,61,0,8,9,13,High-Value & Highly Engaged Customers
4712,23,2n Cycle,Together,20193.0,82,6,18,0,1,1,4,Low-Value / Low-Engagement Customers
1170,39,Graduation,Married,27573.0,244,10,45,0,5,1,4,Low-Value / Low-Engagement Customers
6347,35,Basic,Single,15862.0,36,4,26,0,1,0,3,Low-Value / Low-Engagement Customers
4065,38,PhD,Married,49544.0,404,14,0,0,5,1,8,Regular / Moderate-Value Customers
8230,34,Graduation,Married,33228.0,71,5,28,0,2,0,3,Low-Value / Low-Engagement Customers
1215,36,Graduation,Together,70440.0,1572,22,49,1,5,10,7,High-Value & Highly Engaged Customers
5939,43,Graduation,Together,38232.0,122,7,84,0,3,1,3,Regular / Moderate-Value Customers
2156,59,PhD,Married,22554.0,41,6,38,0,2,0,4,Regular / Moderate-Value Customers
7788,31,PhD,Married,23536.0,10,3,53,0,0,0,3,Regular / Moderate-Value Customers
10323,62,Graduation,Married,49413.0,304,11,88,0,4,2,5,Regular / Moderate-Value Customers
7947,45,Graduation,Married,42231.0,37,4,99,0,1,0,3,Regular / Moderate-Value Customers
1891,34,Master,Divorced,78789.0,1754,15,12,0,4,6,5,High-Value & Highly Engaged Customers
2570,46,Graduation,Together,56534.0,815,21,35,2,10,4,7,Regular / Moderate-Value Customers
9256,43,Graduation,Single,58350.0,1001,23,5,0,8,3,12,High-Value & Highly Engaged Customers
295,25,Graduation,Single,81217.0,1157,21,77,0,3,7,11,High-Value & Highly Engaged Customers
7397,63,Graduation,Single,49090.0,688,18,45,0,7,2,9,Regular / Moderate-Value Customers
6349,27,Master,Divorced,61787.0,1319,18,71,0,8,4,6,High-Value & Highly Engaged Customers
10790,29,PhD,Married,18169.0,21,3,40,0,1,0,2,Low-Value / Low-Engagement Customers
10398,33,2n Cycle,Single,24336.0,31,3,82,0,1,0,2,Low-Value / Low-Engagement Customers
2431,24,Graduation,Married,18222.0,67,5,70,0,2,0,3,Low-Value / Low-Engagement Customers
550,62,Graduation,Divorced,62335.0,708,19,87,0,3,3,13,High-Value & Highly Engaged Customers
1890,43,2n Cycle,Together,42033.0,25,3,95,0,1,0,2,Regular / Moderate-Value Customers
10742,31,PhD,Married,86580.0,746,11,72,1,4,2,5,High-Value & Highly Engaged Customers
10356,57,PhD,Divorced,41437.0,32,4,5,0,1,0,3,Regular / Moderate-Value Customers
4676,63,Master,Widow,73705.0,1695,23,86,0,9,6,8,High-Value & Highly Engaged Customers
8852,38,Graduation,Married,61064.0,1080,23,80,0,8,4,11,High-Value & Highly Engaged Customers
3565,59,Master,Married,38452.0,72,6,62,0,3,0,3,Regular / Moderate-Value Customers
5294,25,Graduation,Single,18358.0,57,7,49,0,3,0,4,Low-Value / Low-Engagement Customers
1958,41,PhD,Together,55012.0,660,19,85,0,8,2,9,Regular / Moderate-Value Customers
7349,41,Basic,Together,9722.0,103,7,7,0,3,1,3,Low-Value / Low-Engagement Customers
8799,30,PhD,Married,38175.0,153,8,6,0,3,1,4,Regular / Moderate-Value Customers
1351,58,Master,Together,58656.0,1220,28,25,1,7,8,13,High-Value & Highly Engaged Customers
1045,49,Graduation,Together,52117.0,279,11,55,0,5,2,4,Regular / Moderate-Value Customers
7732,36,Graduation,Married,64813.0,745,19,81,0,7,2,10,High-Value & Highly Engaged Customers
8070,41,PhD,Married,54222.0,264,11,98,0,3,3,5,Regular / Moderate-Value Customers
477,28,Graduation,Married,83512.0,2157,21,31,4,4,7,10,High-Value & Highly Engaged Customers
7832,55,Master,Married,77520.0,1526,22,30,3,8,7,7,High-Value & Highly Engaged Customers
2202,36,Graduation,Together,41154.0,69,5,98,0,1,0,4,Regular / Moderate-Value Customers
7396,48,Graduation,Married,80398.0,1597,25,92,1,5,8,12,High-Value & Highly Engaged Customers
4055,22,Basic,Single,18746.0,64,6,41,0,3,0,3,Low-Value / Low-Engagement Customers
10340,30,Graduation,Together,35196.0,497,12,68,0,6,1,5,Low-Value / Low-Engagement Customers
10091,58,Graduation,Single,60230.0,1067,15,78,0,6,3,6,High-Value & Highly Engaged Customers
7629,37,Graduation,Married,22108.0,31,5,46,0,2,0,3,Low-Value / Low-Engagement Customers
10640,40,Graduation,Together,44392.0,211,9,71,0,4,1,4,Regular / Moderate-Value Customers
3498,38,PhD,Married,55424.0,877,21,6,1,7,5,9,High-Value & Highly Engaged Customers
6742,35,Graduation,Married,17688.0,11,3,82,0,1,0,2,Low-Value / Low-Engagement Customers
1172,31,PhD,Married,92491.0,2034,24,71,3,7,5,12,High-Value & Highly Engaged Customers
569,23,Graduation,Single,90273.0,1991,18,32,3,5,6,7,High-Value & Highly Engaged Customers
4686,52,PhD,Widow,82571.0,1686,24,28,1,6,5,13,High-Value & Highly Engaged Customers
1381,32,PhD,Single,38513.0,324,12,20,0,6,1,5,Regular / Moderate-Value Customers
2634,35,Master,Single,16653.0,69,6,10,0,2,1,3,Low-Value / Low-Engagement Customers
10905,59,Graduation,Together,42586.0,252,11,7,0,4,1,6,Regular / Moderate-Value Customers
1744,49,Basic,Single,23529.0,54,4,67,0,1,1,2,Low-Value / Low-Engagement Customers
1000,53,Master,Together,74881.0,964,23,48,0,9,2,12,Regular / Moderate-Value Customers
3828,63,Graduation,Married,71107.0,1327,26,61,0,7,6,13,High-Value & Highly Engaged Customers
8605,50,PhD,Together,46910.0,68,5,36,0,2,0,3,Regular / Moderate-Value Customers
10304,55,Graduation,Married,18690.0,60,4,77,0,1,1,2,Low-Value / Low-Engagement Customers
4351,59,Graduation,Divorced,37244.0,55,4,90,1,1,1,2,Regular / Moderate-Value Customers
10129,48,Graduation,Together,82427.0,1456,20,35,1,3,5,12,High-Value & Highly Engaged Customers
2499,56,2n Cycle,Single,75342.0,563,17,38,0,5,2,10,High-Value & Highly Engaged Customers
10092,60,Graduation,Divorced,70044.0,1504,22,46,0,7,10,5,High-Value & Highly Engaged Customers
7500,47,Graduation,Single,79146.0,564,17,33,0,8,1,8,Regular / Moderate-Value Customers
5796,51,Graduation,Married,77437.0,1125,22,70,1,4,5,13,High-Value & Highly Engaged Customers
10556,55,Graduation,Married,54984.0,358,13,51,1,6,1,6,Regular / Moderate-Value Customers
1064,43,PhD,Married,42403.0,42,4,18,0,1,0,3,Regular / Moderate-Value Customers
48,50,Graduation,Together,55761.0,184,8,97,1,4,1,3,Regular / Moderate-Value Customers
7610,31,Graduation,Together,37292.0,460,14,32,0,6,3,5,Regular / Moderate-Value Customers
263,69,PhD,Single,45576.0,145,7,9,0,3,1,3,Low-Value / Low-Engagement Customers
10814,67,Graduation,Together,70321.0,1376,24,6,0,6,5,13,High-Value & Highly Engaged Customers
9710,45,PhD,Divorced,58086.0,792,21,80,0,11,3,7,Regular / Moderate-Value Customers
9292,62,Graduation,Married,81795.0,1382,22,74,0,4,11,7,High-Value & Highly Engaged Customers
10250,67,Basic,Together,28389.0,28,3,49,0,1,0,2,Low-Value / Low-Engagement Customers
7881,68,Master,Married,66835.0,1033,23,21,0,6,4,13,High-Value & Highly Engaged Customers
5847,45,Graduation,Divorced,69901.0,882,20,95,0,7,3,10,High-Value & Highly Engaged Customers
737,65,PhD,Married,80360.0,2231,13,56,3,4,4,5,High-Value & Highly Engaged Customers
3571,53,PhD,Together,63342.0,1101,16,48,1,8,3,5,Regular / Moderate-Value Customers
7807,40,Graduation,Married,44989.0,369,11,26,0,5,1,5,Low-Value / Low-Engagement Customers
3878,34,2n Cycle,Single,31859.0,48,4,3,0,1,0,3,Low-Value / Low-Engagement Customers
5092,65,PhD,Widow,51569.0,467,15,39,1,7,1,7,Regular / Moderate-Value Customers
2154,43,Graduation,Widow,30372.0,44,5,33,0,2,0,3,Low-Value / Low-Engagement Customers
5394,35,Basic,Single,16014.0,38,6,42,0,1,1,4,Low-Value / Low-Engagement Customers
3798,46,Graduation,Married,41120.0,81,6,80,0,2,1,3,Regular / Moderate-Value Customers
3524,43,Master,Single,39763.0,167,8,9,0,5,1,2,Regular / Moderate-Value Customers
5247,59,PhD,Married,38725.0,45,5,52,0,1,0,4,Regular / Moderate-Value Customers
5883,42,Graduation,Married,77981.0,664,18,78,0,7,4,7,High-Value & Highly Engaged Customers
2118,50,2n Cycle,Married,62905.0,622,17,68,0,7,2,8,Low-Value / Low-Engagement Customers
8812,35,2n Cycle,Divorced,13533.0,48,5,45,0,2,0,3,Low-Value / Low-Engagement Customers
6616,39,Graduation,Together,59481.0,461,14,47,0,3,3,8,Regular / Moderate-Value Customers
2797,37,Graduation,Married,72117.0,1073,25,34,0,9,7,9,High-Value & Highly Engaged Customers
4328,28,2n Cycle,Married,21955.0,55,6,81,0,2,1,3,Low-Value / Low-Engagement Customers
9167,58,Graduation,Married,67131.0,976,23,72,0,9,2,12,High-Value & Highly Engaged Customers
10560,34,PhD,Single,36802.0,20,4,23,0,1,0,3,Regular / Moderate-Value Customers
2631,32,Graduation,Together,71853.0,1149,16,29,0,2,8,6,High-Value & Highly Engaged Customers
8312,53,Basic,Married,28249.0,43,5,80,0,2,0,3,Low-Value / Low-Engagement Customers
5534,39,Master,Married,47808.0,224,8,30,1,3,2,3,Regular / Moderate-Value Customers
5093,40,PhD,Divorced,25509.0,101,6,15,0,3,0,3,Low-Value / Low-Engagement Customers
7592,68,PhD,Married,51012.0,209,9,86,0,4,1,4,Regular / Moderate-Value Customers
8895,29,Graduation,Single,70596.0,968,20,68,0,3,5,12,High-Value & Highly Engaged Customers
8584,62,PhD,Together,85431.0,1165,16,54,0,2,7,7,High-Value & Highly Engaged Customers
2694,47,Graduation,Married,42664.0,24,4,44,0,1,0,3,Regular / Moderate-Value Customers
8910,59,Graduation,Together,42586.0,252,11,7,0,4,1,6,Regular / Moderate-Value Customers
7433,29,Graduation,Single,29760.0,165,8,87,0,3,1,4,Regular / Moderate-Value Customers
164,37,PhD,Married,28973.0,269,11,59,0,5,1,5,Regular / Moderate-Value Customers
10477,41,PhD,Together,39435.0,102,6,16,0,3,1,2,Regular / Moderate-Value Customers
2681,30,2n Cycle,Married,65370.0,461,18,1,0,2,3,13,High-Value & Highly Engaged Customers
5150,35,Basic,Single,20194.0,47,5,64,0,2,0,3,Low-Value / Low-Engagement Customers
5283,38,PhD,Single,42473.0,144,7,72,0,2,1,4,Regular / Moderate-Value Customers
9645,46,Graduation,Married,64590.0,1338,23,98,0,9,4,10,High-Value & Highly Engaged Customers
10678,55,Graduation,Together,71232.0,917,23,91,0,11,2,10,High-Value & Highly Engaged Customers
7261,43,Graduation,Together,34600.0,318,12,8,0,5,2,5,Regular / Moderate-Value Customers
9648,47,Graduation,Single,46904.0,253,10,20,0,5,1,4,Regular / Moderate-Value Customers
2870,41,Graduation,Married,49094.0,502,15,6,0,6,3,6,Regular / Moderate-Value Customers
8008,31,Graduation,Together,36075.0,119,6,54,0,2,0,4,Low-Value / Low-Engagement Customers
1513,35,2n Cycle,Together,60839.0,1250,16,72,0,2,2,12,Regular / Moderate-Value Customers
6173,35,Graduation,Together,77298.0,969,23,46,0,6,6,11,High-Value & Highly Engaged Customers
1419,64,Graduation,Together,34026.0,76,6,11,0,2,1,3,Low-Value / Low-Engagement Customers
9150,51,PhD,Single,48918.0,62,5,21,0,1,0,4,Regular / Moderate-Value Customers
7960,52,2n Cycle,Together,82122.0,1382,25,89,1,3,9,13,High-Value & Highly Engaged Customers
1250,38,Graduation,Single,37697.0,84,6,82,0,2,1,3,Low-Value / Low-Engagement Customers
9905,62,Graduation,Together,34074.0,255,9,69,1,3,3,3,Regular / Moderate-Value Customers
10691,54,Master,Married,28520.0,43,4,55,0,1,1,2,Regular / Moderate-Value Customers
7002,59,Graduation,Single,62535.0,398,13,13,0,3,2,8,Regular / Moderate-Value Customers
2952,37,Master,Single,36273.0,76,6,80,0,3,0,3,Low-Value / Low-Engagement Customers
8439,50,Graduation,Together,63404.0,902,13,97,1,6,3,4,Regular / Moderate-Value Customers
762,33,2n Cycle,Together,75774.0,823,20,27,0,7,5,8,High-Value & Highly Engaged Customers
2831,38,Graduation,Together,78416.0,1179,24,99,0,7,7,10,High-Value & Highly Engaged Customers
6977,40,Graduation,Together,75702.0,1921,28,87,1,10,5,13,High-Value & Highly Engaged Customers
6289,63,Master,Together,59385.0,185,8,85,0,3,1,4,Regular / Moderate-Value Customers
4168,48,Graduation,Single,37070.0,433,14,30,0,5,1,8,Regular / Moderate-Value Customers
8397,63,Graduation,Married,44689.0,34,4,82,1,1,1,2,Regular / Moderate-Value Customers
9284,56,Graduation,Together,53977.0,907,22,21,0,5,5,12,Regular / Moderate-Value Customers
6237,48,PhD,Single,7144.0,416,25,92,0,23,1,1,Low-Value / Low-Engagement Customers
3130,50,Graduation,Single,18701.0,44,6,95,0,2,0,4,Low-Value / Low-Engagement Customers
1619,58,Graduation,Married,90369.0,1588,16,2,0,4,6,6,High-Value & Highly Engaged Customers
1990,40,PhD,Single,63159.0,1797,16,74,1,3,5,8,High-Value & Highly Engaged Customers
5513,48,Graduation,Together,37758.0,40,4,49,0,1,0,3,Regular / Moderate-Value Customers
269,51,PhD,Single,46757.0,1143,15,71,0,4,4,7,Regular / Moderate-Value Customers
8093,45,Master,Married,79734.0,914,13,72,1,4,3,6,High-Value & Highly Engaged Customers
10513,22,Graduation,Together,63207.0,1502,11,68,1,2,3,6,High-Value & Highly Engaged Customers
10177,60,Graduation,Divorced,72071.0,1338,17,4,0,5,4,8,High-Value & Highly Engaged Customers
2549,31,PhD,Together,21840.0,27,4,80,0,1,0,3,Regular / Moderate-Value Customers
5782,32,2n Cycle,Together,58582.0,763,20,15,1,9,2,9,High-Value & Highly Engaged Customers
10057,63,Graduation,Single,72282.0,1331,21,70,0,5,7,9,High-Value & Highly Engaged Customers
10307,58,Graduation,Married,50387.0,525,16,91,0,6,2,8,Regular / Moderate-Value Customers
8566,53,PhD,Together,32583.0,9,3,10,0,1,0,2,Regular / Moderate-Value Customers
2415,52,Graduation,Together,62568.0,953,13,99,1,5,3,5,High-Value & Highly Engaged Customers
5684,43,Master,Divorced,44635.0,68,5,25,0,2,0,3,Regular / Moderate-Value Customers
8334,43,Master,Single,33316.0,131,7,34,0,2,1,4,Regular / Moderate-Value Customers
9166,46,Graduation,Married,63967.0,882,20,57,0,4,4,12,High-Value & Highly Engaged Customers
1440,36,2n Cycle,Together,52513.0,1149,23,84,0,9,5,9,High-Value & Highly Engaged Customers
78,45,Graduation,Married,25293.0,37,4,51,0,1,1,2,Regular / Moderate-Value Customers
5441,49,PhD,Widow,54111.0,388,13,97,0,5,2,6,Regular / Moderate-Value Customers
5302,28,Graduation,Together,78394.0,1428,15,13,0,4,6,5,High-Value & Highly Engaged Customers
4687,56,Master,Married,80739.0,1633,23,92,0,3,11,9,High-Value & Highly Engaged Customers
1087,39,Master,Together,22669.0,173,7,30,0,4,1,2,Low-Value / Low-Engagement Customers
6859,27,Graduation,Single,29236.0,99,7,30,0,4,0,3,Low-Value / Low-Engagement Customers
9860,55,Graduation,Together,44911.0,215,9,11,0,4,1,4,Regular / Moderate-Value Customers
7129,52,PhD,Married,54693.0,929,23,72,0,6,4,13,Regular / Moderate-Value Customers
5866,40,Graduation,Together,48186.0,219,9,39,0,4,1,4,Regular / Moderate-Value Customers
10521,37,Graduation,Married,54809.0,174,8,0,0,2,1,5,Regular / Moderate-Value Customers
7393,36,Graduation,Together,41580.0,92,6,15,0,2,1,3,Regular / Moderate-Value Customers
7849,44,PhD,Married,80336.0,1052,24,12,0,2,9,13,High-Value & Highly Engaged Customers
332,57,Graduation,Married,47743.0,275,11,56,1,4,1,6,Regular / Moderate-Value Customers
9847,59,2n Cycle,Married,62972.0,587,14,39,0,7,4,3,Regular / Moderate-Value Customers
531,60,PhD,Divorced,57333.0,1662,22,55,0,8,5,9,High-Value & Highly Engaged Customers
9576,32,PhD,Together,32313.0,159,8,60,0,4,0,4,Regular / Moderate-Value Customers
6906,61,Master,Widow,84953.0,1024,17,73,3,3,10,4,High-Value & Highly Engaged Customers
7419,46,Master,Divorced,27071.0,35,5,90,0,2,0,3,Low-Value / Low-Engagement Customers
3170,57,Master,Together,68148.0,1042,14,86,0,4,4,6,High-Value & Highly Engaged Customers
8527,49,Master,Together,65735.0,395,14,37,0,6,2,6,Regular / Moderate-Value Customers
7872,39,PhD,Married,86836.0,557,22,7,3,6,10,6,High-Value & Highly Engaged Customers
9931,51,PhD,Married,4023.0,9,0,29,0,0,0,0,Low-Value / Low-Engagement Customers
10595,24,Graduation,Married,30093.0,69,5,19,0,2,0,3,Low-Value / Low-Engagement Customers
4609,48,PhD,Married,57705.0,486,15,14,0,8,1,6,Regular / Moderate-Value Customers
5010,26,Graduation,Single,25008.0,34,4,72,0,1,0,3,Low-Value / Low-Engagement Customers
4427,19,2n Cycle,Single,83257.0,1365,27,56,2,5,10,12,High-Value & Highly Engaged Customers
11148,39,Graduation,Together,22280.0,13,3,85,0,1,0,2,Low-Value / Low-Engagement Customers
1168,36,PhD,Married,72159.0,1401,20,62,0,4,6,10,High-Value & Highly Engaged Customers
9595,53,Graduation,Together,64260.0,1574,13,1,0,4,5,4,High-Value & Highly Engaged Customers
10163,30,PhD,Single,82733.0,1323,19,28,0,8,4,7,High-Value & Highly Engaged Customers
2886,43,Master,Divorced,74290.0,1217,28,70,2,10,8,10,High-Value & Highly Engaged Customers
6710,63,Master,Single,58217.0,103,6,84,0,2,0,4,Regular / Moderate-Value Customers
5316,38,Master,Together,21024.0,84,6,89,0,2,0,4,Low-Value / Low-Engagement Customers
9029,42,PhD,Married,70116.0,1536,22,73,0,2,8,12,High-Value & Highly Engaged Customers
521,29,Graduation,Together,54006.0,581,16,42,0,8,1,7,Low-Value / Low-Engagement Customers
1459,48,PhD,Married,69063.0,928,13,16,0,5,3,5,Regular / Moderate-Value Customers
10241,39,2n Cycle,Divorced,11448.0,14,3,16,0,1,0,2,Low-Value / Low-Engagement Customers
1630,35,Graduation,Single,61825.0,424,14,56,0,4,2,8,Low-Value / Low-Engagement Customers
3254,43,Graduation,Married,70886.0,960,13,65,0,5,4,4,High-Value & Highly Engaged Customers
9064,32,Graduation,Married,69109.0,1555,19,10,1,6,6,7,High-Value & Highly Engaged Customers
3678,41,Graduation,Widow,60208.0,656,18,13,1,8,3,7,Regular / Moderate-Value Customers
4227,46,Master,Together,32889.0,55,6,78,0,2,1,3,Regular / Moderate-Value Customers
9467,30,Graduation,Single,34738.0,20,4,51,0,1,0,3,Low-Value / Low-Engagement Customers
8486,43,Master,Together,30538.0,367,13,27,0,9,0,4,Regular / Moderate-Value Customers
2186,37,2n Cycle,Together,82326.0,2257,21,30,3,5,10,6,High-Value & Highly Engaged Customers
3286,47,PhD,Divorced,26642.0,42,5,71,0,2,0,3,Low-Value / Low-Engagement Customers
8602,50,Graduation,Divorced,69932.0,1049,24,97,0,7,6,11,High-Value & Highly Engaged Customers
3722,42,Graduation,Single,44503.0,48,5,83,0,2,0,3,Regular / Moderate-Value Customers
6715,66,PhD,Single,60200.0,685,19,3,0,6,2,11,Regular / Moderate-Value Customers
4796,62,Graduation,Divorced,49638.0,39,4,71,0,1,0,3,Low-Value / Low-Engagement Customers
9612,27,2n Cycle,Single,23830.0,43,4,3,0,1,0,3,Low-Value / Low-Engagement Customers
3766,55,Master,Widow,33051.0,835,18,15,0,9,1,8,Low-Value / Low-Engagement Customers
1399,56,Graduation,Married,72905.0,1515,19,52,1,3,7,9,High-Value & Highly Engaged Customers
1570,63,PhD,Together,69702.0,1039,24,8,0,7,7,10,High-Value & Highly Engaged Customers
3426,39,Graduation,Divorced,70300.0,1596,23,89,0,5,5,13,High-Value & Highly Engaged Customers
3074,30,PhD,Married,70643.0,1828,17,66,0,5,8,4,High-Value & Highly Engaged Customers
8341,45,PhD,Married,30396.0,34,4,22,1,1,1,2,Regular / Moderate-Value Customers
5180,46,PhD,Divorced,50616.0,149,8,56,0,4,0,4,Regular / Moderate-Value Customers
6461,45,Master,Single,62772.0,946,22,74,1,5,6,11,High-Value & Highly Engaged Customers
7679,29,PhD,Single,30298.0,28,5,48,0,1,1,3,Low-Value / Low-Engagement Customers
10702,30,Graduation,Single,52413.0,450,15,67,0,7,1,7,Regular / Moderate-Value Customers
7505,57,PhD,Married,44155.0,46,4,24,0,1,1,2,Regular / Moderate-Value Customers
5113,43,PhD,Divorced,86979.0,1702,15,67,1,5,5,5,High-Value & Highly Engaged Customers
10858,39,Graduation,Together,76532.0,820,21,38,0,9,5,7,Regular / Moderate-Value Customers
2961,32,Graduation,Married,42081.0,382,13,86,1,6,3,4,Regular / Moderate-Value Customers
2747,26,PhD,Married,67546.0,2126,19,90,0,4,10,5,High-Value & Highly Engaged Customers
3010,25,Master,Together,88420.0,2069,19,87,3,4,7,8,High-Value & Highly Engaged Customers
5790,29,Graduation,Married,31158.0,72,5,62,0,2,0,3,Low-Value / Low-Engagement Customers
6892,46,Graduation,Divorced,61671.0,732,20,23,2,10,4,6,Regular / Moderate-Value Customers
1743,40,Graduation,Single,69719.0,801,10,99,0,2,3,5,High-Value & Highly Engaged Customers
3578,65,Graduation,Divorced,49160.0,236,10,29,0,3,1,6,Regular / Moderate-Value Customers
8462,36,Basic,Together,24882.0,80,4,52,1,1,1,2,Low-Value / Low-Engagement Customers
5558,60,PhD,Single,90933.0,1685,14,90,1,4,6,4,High-Value & Highly Engaged Customers
4619,69,PhD,Single,113734.0,277,27,9,0,27,0,0,High-Value & Highly Engaged Customers
8780,64,PhD,Together,59292.0,507,16,71,0,3,5,8,Regular / Moderate-Value Customers
10789,50,PhD,Married,45759.0,68,5,13,0,2,0,3,Regular / Moderate-Value Customers
10779,31,Graduation,Single,22148.0,49,4,16,0,1,0,3,Low-Value / Low-Engagement Customers
5896,27,Master,Married,73395.0,397,14,94,0,4,4,6,High-Value & Highly Engaged Customers
2337,43,Graduation,Divorced,29819.0,39,6,77,0,3,0,3,Low-Value / Low-Engagement Customers
10951,46,Graduation,Married,45688.0,306,12,20,1,3,1,8,Regular / Moderate-Value Customers
544,60,Graduation,Married,62820.0,976,13,51,0,3,4,6,High-Value & Highly Engaged Customers
17,43,PhD,Married,60491.0,1028,24,81,0,6,11,7,High-Value & Highly Engaged Customers
10680,28,Graduation,Together,33235.0,70,6,71,0,3,0,3,Regular / Moderate-Value Customers
3265,55,Graduation,Married,35701.0,46,4,36,0,1,0,3,Low-Value / Low-Engagement Customers
5623,34,Master,Married,31535.0,51,4,95,1,1,1,2,Low-Value / Low-Engagement Customers
5832,54,2n Cycle,Together,92556.0,1263,21,32,0,3,5,13,High-Value & Highly Engaged Customers
5544,44,Graduation,Single,67384.0,1490,20,32,1,7,8,5,High-Value & Highly Engaged Customers
6417,43,Master,Together,80573.0,1564,23,85,0,4,6,13,High-Value & Highly Engaged Customers
5831,47,Graduation,Married,77870.0,1815,15,93,2,5,5,5,High-Value & Highly Engaged Customers
7101,51,PhD,Widow,52278.0,1198,25,24,0,10,5,10,Regular / Moderate-Value Customers
10176,46,Graduation,Single,57107.0,416,16,44,2,4,4,8,Regular / Moderate-Value Customers
2326,24,Graduation,Married,18929.0,85,5,15,0,1,0,4,Low-Value / Low-Engagement Customers
4385,33,PhD,Single,36038.0,47,6,82,0,3,0,3,Regular / Moderate-Value Customers
2929,38,Graduation,Single,20180.0,137,7,27,0,2,1,4,Low-Value / Low-Engagement Customers
10686,49,PhD,Together,34230.0,21,3,72,0,1,0,2,Regular / Moderate-Value Customers
2546,37,2n Cycle,Single,31878.0,70,5,7,0,1,0,4,Low-Value / Low-Engagement Customers
3283,42,2n Cycle,Married,70932.0,909,20,57,0,6,2,12,High-Value & Highly Engaged Customers
3138,58,Graduation,Single,91249.0,1676,22,84,4,7,9,6,High-Value & Highly Engaged Customers
4994,71,Master,Single,77598.0,1735,25,53,1,7,5,13,High-Value & Highly Engaged Customers
7966,55,Graduation,Single,80982.0,1191,27,48,0,11,5,11,High-Value & Highly Engaged Customers
3112,37,Master,Married,22701.0,24,4,2,0,1,0,3,Low-Value / Low-Engagement Customers
10872,45,PhD,Married,55212.0,1182,17,65,2,4,2,11,Regular / Moderate-Value Customers
2181,44,Graduation,Married,70617.0,1280,13,45,0,3,3,7,High-Value & Highly Engaged Customers
1867,57,Graduation,Single,64849.0,1336,18,42,0,9,3,6,High-Value & Highly Engaged Customers
1518,49,Master,Married,62694.0,749,19,29,0,9,3,7,Regular / Moderate-Value Customers
5734,40,PhD,Married,61917.0,91,6,83,0,2,0,4,Regular / Moderate-Value Customers
2878,67,PhD,Married,67472.0,414,13,93,0,4,2,7,Regular / Moderate-Value Customers
1458,32,Master,Married,21059.0,44,6,40,0,3,0,3,Low-Value / Low-Engagement Customers
7007,46,Master,Married,29543.0,63,6,47,0,3,1,2,Low-Value / Low-Engagement Customers
6200,63,Graduation,Married,75903.0,901,21,50,0,6,6,9,High-Value & Highly Engaged Customers
1403,39,2n Cycle,Together,34984.0,38,4,40,0,1,0,3,Low-Value / Low-Engagement Customers
4827,58,PhD,Single,54998.0,455,15,3,0,4,2,9,Regular / Moderate-Value Customers
6250,65,PhD,Widow,54356.0,775,21,62,0,11,2,8,Regular / Moderate-Value Customers
9291,55,Master,Married,34242.0,15,3,25,0,0,0,3,Low-Value / Low-Engagement Customers
2478,41,Graduation,Married,25410.0,38,5,48,0,1,0,4,Low-Value / Low-Engagement Customers
1139,30,PhD,Married,73356.0,1512,21,56,3,5,11,5,High-Value & Highly Engaged Customers
5138,64,Graduation,Together,28320.0,43,4,68,0,1,0,3,Regular / Moderate-Value Customers
5393,37,Graduation,Single,23763.0,42,4,64,0,1,0,3,Low-Value / Low-Engagement Customers
10413,30,Graduation,Married,72570.0,1089,22,67,0,4,6,12,High-Value & Highly Engaged Customers
5015,38,Master,Married,34529.0,162,7,94,0,2,2,3,Regular / Moderate-Value Customers
10868,63,Graduation,Widow,70792.0,1272,17,82,0,3,4,10,High-Value & Highly Engaged Customers
10676,32,Graduation,Married,63211.0,1173,18,3,0,3,8,7,High-Value & Highly Engaged Customers
2495,40,Master,Married,83891.0,816,21,24,0,4,7,10,High-Value & Highly Engaged Customers
7842,46,Graduation,Single,36065.0,74,6,54,0,3,0,3,Low-Value / Low-Engagement Customers
9955,60,Graduation,Together,39898.0,134,7,20,0,3,0,4,Regular / Moderate-Value Customers
6663,74,PhD,Single,51141.0,157,8,96,0,3,1,4,Regular / Moderate-Value Customers
2162,38,Graduation,Married,56939.0,561,16,19,0,3,3,10,Regular / Moderate-Value Customers
3434,63,Graduation,Single,80872.0,1336,18,60,0,4,4,10,High-Value & Highly Engaged Customers
7919,38,PhD,Together,72335.0,2092,22,2,0,10,4,8,High-Value & Highly Engaged Customers
5626,50,PhD,Single,61798.0,463,15,13,0,4,2,9,High-Value & Highly Engaged Customers
6428,64,PhD,Widow,76842.0,1130,16,37,0,1,8,7,High-Value & Highly Engaged Customers
8514,38,Graduation,Together,29478.0,20,4,59,0,1,0,3,Low-Value / Low-Engagement Customers
10448,58,Graduation,Single,46998.0,377,13,55,1,5,3,5,Regular / Moderate-Value Customers
2109,24,Graduation,Single,96843.0,1544,27,60,1,6,11,10,High-Value & Highly Engaged Customers
7530,64,PhD,Widow,56551.0,138,7,48,0,2,1,4,Regular / Moderate-Value Customers
8925,49,Master,Married,70053.0,1012,23,38,0,8,5,10,High-Value & Highly Engaged Customers
3009,52,PhD,Widow,71670.0,1766,14,8,3,5,3,6,High-Value & Highly Engaged Customers
6355,36,Graduation,Married,44359.0,45,6,19,0,2,0,4,Regular / Moderate-Value Customers
3517,62,Graduation,Single,40887.0,161,7,32,0,3,1,3,Regular / Moderate-Value Customers
1158,48,Graduation,Divorced,48877.0,144,7,27,0,3,0,4,Regular / Moderate-Value Customers
6203,67,Graduation,Together,74485.0,1734,25,58,0,6,7,12,High-Value & Highly Engaged Customers
7165,42,Graduation,Together,64474.0,823,20,59,0,8,2,10,High-Value & Highly Engaged Customers
3595,51,Graduation,Together,77226.0,1138,26,29,0,6,8,12,High-Value & Highly Engaged Customers
8537,65,Graduation,Widow,72643.0,1429,20,60,1,3,10,7,High-Value & Highly Engaged Customers
4331,36,Master,Together,85738.0,1371,20,41,2,3,6,11,High-Value & Highly Engaged Customers
6281,48,Graduation,Divorced,55686.0,982,14,27,1,6,3,5,Regular / Moderate-Value Customers
4338,31,Graduation,Single,39062.0,44,4,28,1,1,0,3,Regular / Moderate-Value Customers
2452,43,Graduation,Together,34600.0,318,12,8,0,5,2,5,Regular / Moderate-Value Customers
9507,39,Graduation,Married,40794.0,434,14,18,0,6,3,5,Regular / Moderate-Value Customers
8360,43,2n Cycle,Married,54690.0,198,9,76,0,3,1,5,Regular / Moderate-Value Customers
10311,45,Graduation,Married,4428.0,359,25,0,0,25,0,0,High-Value & Highly Engaged Customers
5117,51,2n Cycle,Married,32632.0,576,16,32,0,4,4,8,Low-Value / Low-Engagement Customers
4867,46,PhD,Single,38236.0,88,7,2,0,3,0,4,Regular / Moderate-Value Customers
9289,35,Graduation,Married,36781.0,63,5,16,0,2,1,2,Regular / Moderate-Value Customers
10913,30,Master,Single,31385.0,27,3,56,1,1,0,2,Low-Value / Low-Engagement Customers
3032,30,Graduation,Married,24570.0,193,8,97,0,4,0,4,Low-Value / Low-Engagement Customers
8524,40,PhD,Divorced,25509.0,101,6,15,0,3,0,3,Low-Value / Low-Engagement Customers
3334,63,Graduation,Married,94642.0,2211,21,35,2,5,7,9,High-Value & Highly Engaged Customers
4470,52,Master,Married,58646.0,140,7,3,0,2,1,4,Regular / Moderate-Value Customers
1406,39,Graduation,Single,53201.0,415,14,49,0,6,3,5,Regular / Moderate-Value Customers
8619,57,Graduation,Together,21994.0,22,3,4,0,0,0,3,Low-Value / Low-Engagement Customers
10821,36,Graduation,Married,57113.0,263,10,45,0,4,1,5,Regular / Moderate-Value Customers
4552,23,Graduation,Married,51373.0,393,11,37,0,3,5,3,Low-Value / Low-Engagement Customers
898,28,Graduation,Married,23477.0,147,7,39,0,3,0,4,Low-Value / Low-Engagement Customers
9797,58,Graduation,Married,58116.0,443,14,38,0,3,3,8,Regular / Moderate-Value Customers
10949,51,PhD,Divorced,72968.0,1958,18,8,1,5,5,8,High-Value & Highly Engaged Customers
8212,43,Master,Married,39791.0,174,8,89,0,3,1,4,Regular / Moderate-Value Customers
6248,67,Master,Single,91712.0,2217,27,47,1,9,7,11,High-Value & Highly Engaged Customers
10164,56,Graduation,Single,94472.0,1691,15,75,2,5,5,5,High-Value & Highly Engaged Customers
4547,54,Graduation,Together,13672.0,25,4,86,0,1,0,3,Low-Value / Low-Engagement Customers
6815,34,2n Cycle,Married,96547.0,809,21,4,3,7,6,8,High-Value & Highly Engaged Customers
4122,39,Graduation,Married,79205.0,895,15,73,1,6,5,4,High-Value & Highly Engaged Customers
10841,39,PhD,Together,56559.0,484,15,46,0,4,3,8,Regular / Moderate-Value Customers
5370,41,PhD,Married,32644.0,413,14,38,1,7,1,6,Regular / Moderate-Value Customers
176,34,2n Cycle,Single,67506.0,331,11,73,0,4,1,6,Low-Value / Low-Engagement Customers
4860,44,Graduation,Single,24206.0,25,4,66,0,1,0,3,Low-Value / Low-Engagement Customers
10757,47,PhD,Divorced,28420.0,13,3,36,0,1,0,2,Low-Value / Low-Engagement Customers
4023,44,Graduation,Married,22979.0,115,7,29,0,3,2,2,Low-Value / Low-Engagement Customers
6679,48,Graduation,Single,33279.0,16,3,29,0,0,0,3,Low-Value / Low-Engagement Customers
9923,42,Master,Single,46423.0,92,6,6,0,2,0,4,Regular / Moderate-Value Customers
7181,37,Graduation,Married,30368.0,52,5,97,0,2,0,3,Regular / Moderate-Value Customers
3599,44,Graduation,Married,63684.0,1464,20,61,0,8,4,8,High-Value & Highly Engaged Customers
405,50,Graduation,Divorced,41638.0,441,13,68,1,5,5,3,Regular / Moderate-Value Customers
6870,55,PhD,Divorced,68805.0,283,11,73,0,3,1,7,Regular / Moderate-Value Customers
832,48,PhD,Together,65814.0,747,20,90,0,8,2,10,Regular / Moderate-Value Customers
2002,56,Graduation,Divorced,71964.0,1870,16,81,0,5,6,5,High-Value & Highly Engaged Customers
3657,28,Graduation,Single,39146.0,165,8,1,0,4,0,4,Regular / Moderate-Value Customers
500,37,Graduation,Together,96876.0,1941,23,79,3,7,7,9,High-Value & Highly Engaged Customers
1951,33,Basic,Married,34445.0,839,21,92,0,11,2,8,Low-Value / Low-Engagement Customers
3262,56,Graduation,Single,68281.0,1655,24,31,0,2,9,13,High-Value & Highly Engaged Customers
4102,39,2n Cycle,Married,37284.0,23,3,46,0,0,0,3,Low-Value / Low-Engagement Customers
7042,31,Graduation,Married,36790.0,66,5,14,0,2,1,2,Low-Value / Low-Engagement Customers
10598,47,Graduation,Together,27943.0,37,5,89,0,2,0,3,Low-Value / Low-Engagement Customers
255,63,Graduation,Divorced,22263.0,21,4,31,0,1,0,3,Regular / Moderate-Value Customers
2375,42,Graduation,Together,30261.0,22,3,75,0,0,0,3,Low-Value / Low-Engagement Customers
9829,36,Graduation,Together,28587.0,78,6,42,0,2,0,4,Low-Value / Low-Engagement Customers
6214,32,Master,Married,43815.0,79,5,53,0,2,0,3,Low-Value / Low-Engagement Customers
4954,58,Graduation,Married,48195.0,265,11,53,0,4,2,5,Regular / Moderate-Value Customers
7861,62,Master,Married,77027.0,1175,17,23,0,8,3,6,High-Value & Highly Engaged Customers
4837,49,PhD,Married,71322.0,1305,26,57,0,8,5,13,High-Value & Highly Engaged Customers
9423,35,Master,Married,32765.0,46,6,49,0,2,0,4,Low-Value / Low-Engagement Customers
4198,49,Graduation,Together,29672.0,25,3,6,0,0,0,3,Low-Value / Low-Engagement Customers
153,61,Graduation,Divorced,23272.0,46,4,29,0,1,0,3,Low-Value / Low-Engagement Customers
9323,65,Master,Together,49912.0,874,22,5,1,10,5,7,High-Value & Highly Engaged Customers
10001,29,2n Cycle,Together,7500.0,100,6,98,0,2,1,3,Low-Value / Low-Engagement Customers
3945,67,PhD,Widow,68117.0,930,23,80,1,11,8,4,High-Value & Highly Engaged Customers
3799,59,Graduation,Married,67225.0,868,20,4,0,7,2,11,High-Value & Highly Engaged Customers
8625,38,Graduation,Married,17649.0,45,6,70,0,3,0,3,Low-Value / Low-Engagement Customers
3491,39,Graduation,Together,55914.0,1260,25,32,0,11,6,8,High-Value & Highly Engaged Customers
983,30,Graduation,Married,40059.0,414,11,82,1,6,2,3,Low-Value / Low-Engagement Customers
9119,64,Graduation,Together,60905.0,392,13,27,0,3,3,7,Regular / Moderate-Value Customers
4786,37,Graduation,Married,75330.0,1109,25,94,0,10,3,12,Regular / Moderate-Value Customers
5872,63,Graduation,Single,60689.0,639,18,23,0,4,4,10,High-Value & Highly Engaged Customers
6568,30,Graduation,Married,38680.0,79,5,97,0,2,0,3,Low-Value / Low-Engagement Customers
5628,32,Graduation,Together,61416.0,1665,23,25,1,10,3,10,High-Value & Highly Engaged Customers
5631,23,Graduation,Single,49767.0,692,17,92,0,5,4,8,High-Value & Highly Engaged Customers
4974,44,Graduation,Single,83273.0,1392,19,98,0,4,6,9,Regular / Moderate-Value Customers
8416,33,Graduation,Married,29009.0,44,5,19,0,2,0,3,Low-Value / Low-Engagement Customers
5454,35,Master,Married,45057.0,50,5,80,0,2,0,3,Regular / Moderate-Value Customers
4095,43,Graduation,Married,37150.0,467,13,80,0,4,3,6,Low-Value / Low-Engagement Customers
5474,44,Graduation,Single,43020.0,223,9,79,0,4,1,4,Low-Value / Low-Engagement Customers
4268,55,Graduation,Married,53154.0,158,8,50,0,3,1,4,Regular / Moderate-Value Customers
10701,41,Graduation,Married,65308.0,1211,27,60,2,7,8,12,High-Value & Highly Engaged Customers
3507,44,Graduation,Single,76467.0,1575,12,44,0,2,5,5,High-Value & Highly Engaged Customers
2079,67,2n Cycle,Married,81044.0,1208,21,0,0,5,6,10,High-Value & Highly Engaged Customers
626,63,Graduation,Married,32871.0,43,4,28,0,1,0,3,Regular / Moderate-Value Customers
4426,39,Graduation,Single,55801.0,527,15,35,1,7,2,6,Regular / Moderate-Value Customers
2591,55,Graduation,Widow,76320.0,932,13,49,0,6,3,4,High-Value & Highly Engaged Customers
10509,59,Master,Single,36927.0,71,6,46,0,3,0,3,Regular / Moderate-Value Customers
6382,61,Graduation,Together,48794.0,54,4,97,0,1,0,3,Regular / Moderate-Value Customers
6673,49,Graduation,Single,23478.0,129,6,51,0,3,0,3,Low-Value / Low-Engagement Customers
7441,41,Graduation,Divorced,71128.0,1615,24,80,0,2,10,12,High-Value & Highly Engaged Customers
1071,38,PhD,Divorced,70179.0,1034,23,10,0,7,3,13,High-Value & Highly Engaged Customers
10061,64,Graduation,Married,59462.0,1088,23,29,0,9,2,12,Regular / Moderate-Value Customers
7187,45,Master,Together,51373.0,721,18,52,0,4,10,4,Regular / Moderate-Value Customers
8775,45,Graduation,Together,38361.0,137,7,74,0,3,1,3,Low-Value / Low-Engagement Customers
1612,33,PhD,Single,51373.0,47,6,82,0,3,0,3,Regular / Moderate-Value Customers
2345,32,PhD,Together,70038.0,1244,16,54,0,4,4,8,High-Value & Highly Engaged Customers
322,36,Graduation,Together,42554.0,41,5,93,0,2,0,3,Regular / Moderate-Value Customers
10897,40,Graduation,Married,67445.0,1174,27,63,0,9,6,12,High-Value & Highly Engaged Customers
123,63,Graduation,Widow,67046.0,993,13,92,0,4,5,4,High-Value & Highly Engaged Customers
6103,66,Graduation,Married,42192.0,100,6,40,0,2,1,3,Low-Value / Low-Engagement Customers
7899,62,PhD,Married,77610.0,1680,15,70,0,4,7,4,High-Value & Highly Engaged Customers
10500,30,Graduation,Married,31761.0,98,7,96,0,3,0,4,Low-Value / Low-Engagement Customers
1655,35,Graduation,Together,34350.0,48,4,81,0,1,0,3,Low-Value / Low-Engagement Customers
2406,65,Graduation,Together,54591.0,519,16,63,0,6,2,8,Regular / Moderate-Value Customers
2712,58,Graduation,Married,71866.0,715,19,85,0,6,3,10,High-Value & Highly Engaged Customers
5517,45,Graduation,Married,25293.0,37,4,51,0,1,1,2,Regular / Moderate-Value Customers
10643,27,PhD,Single,42000.0,653,18,23,0,5,2,11,High-Value & Highly Engaged Customers
2254,31,Graduation,Married,69520.0,1455,20,95,0,9,6,5,High-Value & Highly Engaged Customers
10281,44,Graduation,Divorced,64713.0,602,17,11,0,5,5,7,High-Value & Highly Engaged Customers
6958,37,Master,Married,27889.0,26,4,42,0,1,1,2,Regular / Moderate-Value Customers
954,54,Basic,Widow,22123.0,102,6,77,0,2,1,3,Low-Value / Low-Engagement Customers
5079,43,Graduation,Married,51373.0,97,6,82,0,2,1,3,Regular / Moderate-Value Customers
10339,60,Master,Together,51373.0,207,9,83,0,4,1,4,Regular / Moderate-Value Customers
4643,41,Graduation,Married,27803.0,176,7,40,0,3,0,4,Low-Value / Low-Engagement Customers
3117,59,Graduation,Single,51373.0,450,12,95,0,6,1,5,Regular / Moderate-Value Customers
6497,54,Graduation,Married,51651.0,433,13,32,0,6,2,5,Regular / Moderate-Value Customers
5396,26,Graduation,Married,68487.0,1366,29,48,0,9,7,13,High-Value & Highly Engaged Customers
5250,71,Master,Widow,51373.0,1564,21,75,1,5,5,11,High-Value & Highly Engaged Customers
1052,45,Graduation,Married,56796.0,1001,24,24,0,8,9,7,High-Value & Highly Engaged Customers
2802,22,2n Cycle,Married,87000.0,961,17,61,0,4,6,7,High-Value & Highly Engaged Customers
6343,55,Graduation,Married,79823.0,1518,22,6,1,6,9,7,High-Value & Highly Engaged Customers
6507,34,Graduation,Single,30828.0,56,6,16,0,1,1,4,Low-Value / Low-Engagement Customers
7901,43,Master,Married,34109.0,22,3,39,0,0,0,3,Low-Value / Low-Engagement Customers
4865,40,Master,Divorced,53367.0,400,14,2,0,5,1,8,Regular / Moderate-Value Customers
2686,45,Basic,Together,22390.0,26,3,49,0,1,0,2,Low-Value / Low-Engagement Customers
3107,38,Graduation,Together,71322.0,350,12,31,0,4,1,7,Regular / Moderate-Value Customers
7734,21,Graduation,Other,79244.0,1216,21,58,2,4,10,7,High-Value & Highly Engaged Customers
1146,65,Master,Together,49912.0,874,22,5,1,10,5,7,High-Value & Highly Engaged Customers
11031,64,PhD,Married,48699.0,40,4,90,0,1,0,3,Regular / Moderate-Value Customers
7428,39,Graduation,Together,80144.0,1367,18,47,0,3,7,8,High-Value & Highly Engaged Customers
975,58,Graduation,Single,54252.0,264,10,25,0,4,1,5,Regular / Moderate-Value Customers
1103,38,Master,Married,81929.0,2053,18,60,2,4,4,10,High-Value & Highly Engaged Customers
3422,39,Graduation,Married,76068.0,1376,9,67,2,2,3,4,High-Value & Highly Engaged Customers
1055,38,Master,Married,53204.0,45,4,40,0,1,0,3,Regular / Moderate-Value Customers
6544,65,PhD,Together,67911.0,976,24,63,0,6,7,11,High-Value & Highly Engaged Customers
1241,30,2n Cycle,Married,14796.0,51,4,1,0,1,0,3,Low-Value / Low-Engagement Customers
2909,40,PhD,Married,78128.0,1264,18,89,2,8,4,6,High-Value & Highly Engaged Customers
5802,42,Basic,Married,14188.0,75,6,40,0,2,0,4,Low-Value / Low-Engagement Customers
1407,28,Basic,Married,20425.0,57,5,5,0,2,0,3,Low-Value / Low-Engagement Customers
6183,52,Master,Married,58646.0,140,7,3,0,2,1,4,Regular / Moderate-Value Customers
340,44,Graduation,Divorced,72967.0,497,17,1,1,7,2,8,High-Value & Highly Engaged Customers
5991,65,Master,Married,48150.0,266,10,24,0,5,1,4,Regular / Moderate-Value Customers
3104,53,Graduation,Single,82332.0,2006,20,89,1,5,3,12,High-Value & Highly Engaged Customers
9729,59,Graduation,Widow,58275.0,615,17,48,0,8,2,7,Regular / Moderate-Value Customers
1008,33,PhD,Together,44953.0,1021,23,31,1,7,3,13,High-Value & Highly Engaged Customers
11091,61,Graduation,Together,34587.0,22,4,68,0,1,0,3,Regular / Moderate-Value Customers
3969,40,Master,Together,43018.0,133,6,46,0,2,2,2,Low-Value / Low-Engagement Customers
1916,60,Master,Married,45736.0,437,14,92,0,7,1,6,Regular / Moderate-Value Customers
9907,45,Master,Together,66476.0,1013,24,80,0,6,8,10,Regular / Moderate-Value Customers
87,33,2n Cycle,Married,27733.0,57,5,16,0,2,0,3,Low-Value / Low-Engagement Customers
8659,62,PhD,Together,69805.0,1038,25,50,0,6,8,11,High-Value & Highly Engaged Customers
6262,52,Master,Single,72217.0,1573,21,93,0,3,10,8,High-Value & Highly Engaged Customers
6147,43,Graduation,Divorced,25818.0,28,3,51,0,0,1,2,Low-Value / Low-Engagement Customers
8832,38,Master,Together,37509.0,123,7,24,0,3,0,4,Low-Value / Low-Engagement Customers
10067,38,2n Cycle,Together,25176.0,13,3,79,0,1,0,2,Low-Value / Low-Engagement Customers
7532,34,Graduation,Married,43586.0,132,7,26,0,3,0,4,Regular / Moderate-Value Customers
4915,58,2n Cycle,Married,53230.0,732,19,86,0,5,2,12,Low-Value / Low-Engagement Customers
2115,57,Graduation,Together,50116.0,66,5,68,1,1,0,4,Regular / Moderate-Value Customers
2088,42,Graduation,Together,84906.0,1631,23,98,3,5,6,12,High-Value & Highly Engaged Customers
2493,48,Graduation,Married,61286.0,608,16,34,0,7,1,8,Regular / Moderate-Value Customers
6292,28,PhD,Married,82333.0,1822,17,60,1,4,3,10,High-Value & Highly Engaged Customers
1631,49,PhD,Together,65220.0,1282,19,3,0,8,4,7,High-Value & Highly Engaged Customers
10104,40,Graduation,Together,33590.0,8,3,65,0,1,0,2,Regular / Moderate-Value Customers
3006,38,Graduation,Divorced,30992.0,43,4,83,0,1,0,3,Low-Value / Low-Engagement Customers
3919,38,Master,Single,72309.0,1931,19,64,1,5,6,8,High-Value & Highly Engaged Customers
11181,65,PhD,Married,156924.0,8,0,85,0,0,0,0,Low-Value / Low-Engagement Customers
642,34,Basic,Married,16005.0,103,5,69,0,2,1,2,Low-Value / Low-Engagement Customers
4369,57,Master,Other,65487.0,1169,14,48,0,3,5,6,High-Value & Highly Engaged Customers
10127,49,Graduation,Married,58692.0,395,14,21,0,8,2,4,Regular / Moderate-Value Customers
271,45,Graduation,Widow,40590.0,258,10,30,1,3,4,3,Regular / Moderate-Value Customers
4973,44,Graduation,Single,20587.0,25,4,39,0,1,1,2,Low-Value / Low-Engagement Customers
2948,60,Master,Divorced,62637.0,185,9,76,0,2,2,5,Regular / Moderate-Value Customers
2715,48,Master,Divorced,29435.0,180,7,11,0,3,2,2,Regular / Moderate-Value Customers
10432,40,Graduation,Divorced,19346.0,22,4,26,0,1,0,3,Low-Value / Low-Engagement Customers
9216,43,Graduation,Married,35788.0,44,5,34,0,2,0,3,Regular / Moderate-Value Customers
7124,46,Graduation,Divorced,36997.0,94,7,72,0,2,1,4,Regular / Moderate-Value Customers
9727,57,Graduation,Married,23539.0,81,6,13,0,2,0,4,Low-Value / Low-Engagement Customers
5136,41,Graduation,Single,65333.0,798,21,58,2,9,4,8,High-Value & Highly Engaged Customers
9790,57,Graduation,Single,78499.0,1334,18,12,1,11,3,4,High-Value & Highly Engaged Customers
1818,43,PhD,Together,29732.0,38,4,23,0,2,0,2,Regular / Moderate-Value Customers
1100,54,Master,Together,41275.0,61,7,33,0,3,1,3,Regular / Moderate-Value Customers
7873,41,PhD,Together,63516.0,300,12,30,0,4,1,7,Regular / Moderate-Value Customers
10609,52,PhD,Married,42769.0,88,6,15,0,1,1,4,Regular / Moderate-Value Customers
6950,56,Master,Married,49572.0,54,5,25,0,2,0,3,Regular / Moderate-Value Customers
7233,42,Graduation,Married,69209.0,1782,14,4,1,5,3,6,High-Value & Highly Engaged Customers
9481,38,Graduation,Married,17148.0,68,7,80,0,3,1,3,Low-Value / Low-Engagement Customers
7699,45,Graduation,Widow,40590.0,258,10,30,1,3,4,3,Regular / Moderate-Value Customers
2711,38,Master,Together,30560.0,31,4,6,0,1,0,3,Low-Value / Low-Engagement Customers
8933,31,2n Cycle,Married,32146.0,66,6,16,0,2,0,4,Low-Value / Low-Engagement Customers
8726,50,2n Cycle,Divorced,41713.0,174,8,57,0,3,1,4,Regular / Moderate-Value Customers
1515,39,Master,Together,34176.0,28,4,9,0,1,0,3,Low-Value / Low-Engagement Customers
5186,59,PhD,Married,58482.0,731,20,59,1,7,4,9,Regular / Moderate-Value Customers
10157,49,Graduation,Single,59686.0,274,11,78,0,4,1,6,Low-Value / Low-Engagement Customers
5667,50,PhD,Married,60896.0,1701,23,90,0,9,10,4,High-Value & Highly Engaged Customers
902,34,Graduation,Together,62994.0,312,12,74,0,6,2,4,Regular / Moderate-Value Customers
977,57,Graduation,Together,47320.0,414,14,10,0,5,1,8,Regular / Moderate-Value Customers
7313,65,2n Cycle,Widow,74859.0,1565,22,63,1,6,5,11,High-Value & Highly Engaged Customers
7600,22,Basic,Single,15253.0,29,4,13,0,1,0,3,Low-Value / Low-Engagement Customers
9706,40,PhD,Single,31560.0,94,6,98,0,2,1,3,Regular / Moderate-Value Customers
2429,60,Graduation,Divorced,72071.0,1338,17,4,0,5,4,8,High-Value & Highly Engaged Customers
3520,24,Master,Single,91172.0,1092,14,94,4,4,3,7,High-Value & Highly Engaged Customers
10394,30,Graduation,Married,90000.0,1479,17,91,3,4,8,5,High-Value & Highly Engaged Customers
4548,33,Graduation,Single,41967.0,54,4,66,0,1,0,3,Regular / Moderate-Value Customers
9362,49,Graduation,Single,69263.0,568,17,14,1,9,1,7,Regular / Moderate-Value Customers
3968,44,2n Cycle,Divorced,65706.0,1199,26,77,3,11,3,12,High-Value & Highly Engaged Customers
4084,39,Graduation,Together,60934.0,873,21,41,0,6,4,11,High-Value & Highly Engaged Customers
6721,63,Graduation,Married,71965.0,1213,14,21,0,6,3,5,High-Value & Highly Engaged Customers
2829,59,Graduation,Married,65210.0,731,20,25,2,9,3,8,Regular / Moderate-Value Customers
1772,39,PhD,Married,79174.0,2043,18,2,2,5,6,7,High-Value & Highly Engaged Customers
1544,47,Master,Divorced,81380.0,1893,16,51,0,4,2,10,High-Value & Highly Engaged Customers
492,41,PhD,Other,48432.0,424,14,3,0,7,1,6,Regular / Moderate-Value Customers
4377,43,Graduation,Married,52914.0,575,13,32,1,7,3,3,Regular / Moderate-Value Customers
4541,59,Graduation,Together,38946.0,257,10,84,0,3,1,6,Regular / Moderate-Value Customers
1321,40,Graduation,Married,26067.0,56,6,49,0,3,0,3,Low-Value / Low-Engagement Customers
8858,42,PhD,Married,44325.0,542,17,69,1,8,2,7,Regular / Moderate-Value Customers
3266,50,Graduation,Married,42523.0,125,6,96,0,1,1,4,Low-Value / Low-Engagement Customers
11187,36,Basic,Single,26487.0,69,6,23,0,2,1,3,Low-Value / Low-Engagement Customers
8207,57,2n Cycle,Married,53233.0,40,4,18,0,1,0,3,Regular / Moderate-Value Customers
9723,54,Graduation,Married,67716.0,1016,24,8,1,7,4,13,High-Value & Highly Engaged Customers
2666,42,Master,Married,76234.0,907,22,21,1,8,3,11,High-Value & Highly Engaged Customers
5721,58,PhD,Married,84117.0,1566,23,60,1,7,10,6,High-Value & Highly Engaged Customers
10652,57,Master,Together,65487.0,1169,14,48,0,3,5,6,High-Value & Highly Engaged Customers
1646,42,Basic,Married,25224.0,46,5,36,0,1,1,3,Low-Value / Low-Engagement Customers
4418,31,Master,Single,89616.0,1644,24,36,0,7,5,12,High-Value & Highly Engaged Customers
2656,43,Graduation,Divorced,40851.0,59,4,63,0,1,1,2,Regular / Moderate-Value Customers
7990,67,Graduation,Married,27469.0,17,3,2,0,0,0,3,Low-Value / Low-Engagement Customers
8722,57,2n Cycle,Married,82347.0,1853,24,38,2,7,7,10,High-Value & Highly Engaged Customers
7118,57,Graduation,Married,73803.0,1528,20,61,1,9,5,6,High-Value & Highly Engaged Customers
2980,62,Master,Single,8820.0,35,6,52,0,3,0,3,Regular / Moderate-Value Customers
1839,40,Graduation,Single,43322.0,141,7,25,0,3,0,4,Low-Value / Low-Engagement Customers
10722,41,Graduation,Together,55593.0,546,15,63,1,6,6,3,Regular / Moderate-Value Customers
2632,60,Graduation,Married,50501.0,500,13,10,1,5,4,4,Regular / Moderate-Value Customers
9014,39,Graduation,Married,37085.0,61,6,65,0,3,0,3,Regular / Moderate-Value Customers
7620,24,Basic,Single,16185.0,106,6,71,0,2,2,2,Low-Value / Low-Engagement Customers
10968,45,Graduation,Single,57731.0,704,22,0,0,8,8,6,High-Value & Highly Engaged Customers
11133,41,PhD,Other,48432.0,424,14,3,0,7,1,6,Regular / Moderate-Value Customers
2736,36,Graduation,Married,73807.0,849,21,88,0,5,5,11,High-Value & Highly Engaged Customers
1876,24,Graduation,Married,18929.0,85,5,15,0,1,0,4,Low-Value / Low-Engagement Customers
5959,46,Graduation,Single,35893.0,199,9,80,0,3,1,5,Regular / Moderate-Value Customers
1092,34,Graduation,Married,61014.0,1147,16,17,0,9,3,4,High-Value & Highly Engaged Customers
4333,60,Graduation,Together,32144.0,54,6,76,1,2,1,3,Regular / Moderate-Value Customers
3850,51,Basic,Together,14918.0,43,4,52,0,1,0,3,Low-Value / Low-Engagement Customers
6168,51,Graduation,Divorced,45146.0,53,4,28,0,1,1,2,Regular / Moderate-Value Customers
607,59,2n Cycle,Divorced,41769.0,521,16,31,0,8,1,7,Regular / Moderate-Value Customers
10469,33,Graduation,Together,88325.0,1623,17,42,0,6,2,9,High-Value & Highly Engaged Customers
6983,64,Master,Divorced,38054.0,45,5,24,0,2,0,3,Regular / Moderate-Value Customers
3661,19,2n Cycle,Single,80617.0,1435,18,42,0,4,6,8,High-Value & Highly Engaged Customers
9303,38,Graduation,Married,5305.0,32,1,12,0,1,0,0,Low-Value / Low-Engagement Customers
692,60,Graduation,Together,36807.0,16,3,88,0,1,0,2,Low-Value / Low-Engagement Customers
736,31,Graduation,Together,28427.0,52,5,67,0,2,0,3,Low-Value / Low-Engagement Customers
9589,66,PhD,Widow,82032.0,1234,17,54,0,4,6,7,High-Value & Highly Engaged Customers
4838,36,Graduation,Together,22775.0,15,3,40,0,1,0,2,Low-Value / Low-Engagement Customers
9246,29,Master,Together,40101.0,415,13,73,0,6,1,6,Regular / Moderate-Value Customers
6261,35,Graduation,Married,58025.0,470,15,81,0,3,2,10,Regular / Moderate-Value Customers
7366,32,Master,Single,75777.0,1438,20,12,2,3,6,11,High-Value & Highly Engaged Customers
10659,35,2n Cycle,Together,7500.0,53,7,7,0,3,2,2,Low-Value / Low-Engagement Customers
1448,51,Master,Married,33562.0,51,6,33,0,2,0,4,Regular / Moderate-Value Customers
4286,44,PhD,Single,57642.0,679,19,24,1,7,6,6,Regular / Moderate-Value Customers
4749,46,Graduation,Together,58554.0,586,16,55,0,8,2,6,Regular / Moderate-Value Customers
4478,35,Graduation,Married,63777.0,653,18,87,0,11,1,6,Regular / Moderate-Value Customers
4201,52,Graduation,Single,57967.0,468,14,39,0,4,2,8,Regular / Moderate-Value Customers
8720,36,2n Cycle,Together,51373.0,1679,1,53,1,0,0,1,High-Value & Highly Engaged Customers
10084,42,Graduation,Married,24434.0,50,5,9,0,2,1,2,Low-Value / Low-Engagement Customers
7004,30,Graduation,Single,11012.0,84,6,82,1,3,1,2,Low-Value / Low-Engagement Customers
9817,44,Master,Single,44802.0,1049,25,71,0,9,4,12,High-Value & Highly Engaged Customers
8080,28,Graduation,Single,26816.0,22,3,50,0,0,0,3,Low-Value / Low-Engagement Customers
9432,37,Graduation,Together,51373.0,62,7,23,0,3,1,3,Low-Value / Low-Engagement Customers
8372,40,Graduation,Married,34421.0,30,3,81,0,1,0,2,Low-Value / Low-Engagement Customers
10870,47,Graduation,Married,61223.0,1341,16,46,0,9,3,4,High-Value & Highly Engaged Customers
4001,68,PhD,Together,64014.0,444,15,56,1,8,2,5,Regular / Moderate-Value Customers
7270,33,Graduation,Divorced,56981.0,1241,18,91,1,2,3,13,High-Value & Highly Engaged Customers
8235,58,Master,Together,69245.0,843,21,8,0,6,5,10,High-Value & Highly Engaged Customers
9405,60,PhD,Married,52869.0,172,8,40,0,3,1,4,Regular / Moderate-Value Customers
